Title,Platforms,Link
Aliens: Dark Descent,"PS4, PS5",https://www.pushsquare.comgames/ps5/aliens_dark_descent
It Takes Two,"PS4, PS5",https://www.pushsquare.comgames/ps5/it_takes_two
Temtem,PS5,https://www.pushsquare.comgames/ps5/temtem
ARK: Survival Ascended,PS5,https://www.pushsquare.comgames/ps5/ark_survival_ascended
Balatro,"PS4, PS5",https://www.pushsquare.comgames/ps5/balatro
"Warhammer 40,000: Boltgun","PS4, PS5",https://www.pushsquare.comgames/ps5/warhammer_40000_boltgun
11-11: Memories Retold,PS4,https://www.pushsquare.comgames/ps4/11-11_memories_retold
A Hat in Time,PS4,https://www.pushsquare.comgames/ps4/a_hat_in_time
A Space for the Unbound,"PS4, PS5",https://www.pushsquare.comgames/ps5/a_space_for_the_unbound
Ace Combat 7: Skies Unknown,PS4,https://www.pushsquare.comgames/ps4/ace_combat_7_skies_unknown
Adventure Time: Pirates of the Enchiridion,PS4,https://www.pushsquare.comgames/ps4/adventure_time_pirates_of_the_enchiridion
After Us,PS5,https://www.pushsquare.comgames/ps5/after_us
Age of Wonders: Planetfall,PS4,https://www.pushsquare.comgames/ps4/age_of_wonders_planetfall
Alex Kidd in Miracle World DX,"PS4, PS5",https://www.pushsquare.comgames/ps5/alex_kidd_in_miracle_world_dx
Alienation,PS4,https://www.pushsquare.comgames/ps4/alienation
Alternate Jake Hunter: Daedalus The Awakening of Golden Jazz,PS4,https://www.pushsquare.comgames/ps4/alternate_jake_hunter_daedalus_the_awakening_of_golden_jazz
Anno 1800 Console Edition,PS5,https://www.pushsquare.comgames/ps5/anno_1800_console_edition
ANNO: Mutationem,"PS4, PS5",https://www.pushsquare.comgames/ps5/anno_mutationem
Anodyne,PS4,https://www.pushsquare.comgames/ps4/anodyne
AO Tennis 2,PS4,https://www.pushsquare.comgames/ps4/ao_tennis_2
Aragami,PS4,https://www.pushsquare.comgames/ps4/aragami
Arcade Paradise,"PS4, PS5",https://www.pushsquare.comgames/ps5/arcade_paradise
Assassin's Creed Chronicles: China,PS4,https://www.pushsquare.comgames/ps4/assassins_creed_chronicles_china
Assassin's Creed Chronicles: India,PS4,https://www.pushsquare.comgames/ps4/assassins_creed_chronicles_india
Assassin's Creed Chronicles: Russia,PS4,https://www.pushsquare.comgames/ps4/assassins_creed_chronicles_russia
Assassin's Creed III Remastered,PS4,https://www.pushsquare.comgames/ps4/assassins_creed_iii_remastered
Assassin's Creed IV: Black Flag,PS4,https://www.pushsquare.comgames/ps4/assassins_creed_iv_black_flag
Assassin's Creed Odyssey,PS4,https://www.pushsquare.comgames/ps4/assassins_creed_odyssey
Assassin's Creed Origins,PS4,https://www.pushsquare.comgames/ps4/assassins_creed_origins
Assassin's Creed Rogue Remastered,PS4,https://www.pushsquare.comgames/ps4/assassins_creed_rogue_remastered
Assassin's Creed Syndicate,PS4,https://www.pushsquare.comgames/ps4/assassins_creed_syndicate
Assassin's Creed Unity,PS4,https://www.pushsquare.comgames/ps4/assassins_creed_unity
Assassin's Creed Valhalla,"PS4, PS5",https://www.pushsquare.comgames/ps5/assassins_creed_valhalla
Assassin's Creed: Freedom Cry,PS4,https://www.pushsquare.comgames/ps4/assassins_creed_freedom_cry
Assassin's Creed: The Ezio Collection,PS4,https://www.pushsquare.comgames/ps4/assassins_creed_the_ezio_collection
Assetto Corsa Competizione,"PS4, PS5",https://www.pushsquare.comgames/ps5/assetto_corsa_competizione
Atlas Fallen,PS5,https://www.pushsquare.comgames/ps5/atlas_fallen
AVICII: Invector,PS4,https://www.pushsquare.comgames/ps4/avicii_invector
Back 4 Blood,"PS4, PS5",https://www.pushsquare.comgames/ps5/back_4_blood
Bad North,PS4,https://www.pushsquare.comgames/ps4/bad_north
Bang-On Balls: Chronicles,"PS4, PS5",https://www.pushsquare.comgames/ps5/bang-on_balls_chronicles
Batman: Arkham Knight,PS4,https://www.pushsquare.comgames/ps4/batman_arkham_knight
Battle Chasers: Nightwar,PS4,https://www.pushsquare.comgames/ps4/battle_chasers_nightwar
Battlefield 1,PS4,https://www.pushsquare.comgames/ps4/battlefield_1
Bee Simulator,PS4,https://www.pushsquare.comgames/ps4/bee_simulator
Ben 10,PS4,https://www.pushsquare.comgames/ps4/ben_10
Ben 10: Power Trip,"PS4, PS5",https://www.pushsquare.comgames/ps5/ben_10_power_trip
Biped,PS4,https://www.pushsquare.comgames/ps4/biped
Blood Bowl 3,"PS4, PS5",https://www.pushsquare.comgames/ps5/blood_bowl_3
Bloodborne,PS4,https://www.pushsquare.comgames/ps4/bloodborne
Bloodstained: Ritual of the Night,PS4,https://www.pushsquare.comgames/ps4/bloodstained_ritual_of_the_night
Blue Prince,PS5,https://www.pushsquare.comgames/ps5/blue_prince
Bomber Crew,PS4,https://www.pushsquare.comgames/ps4/bomber_crew
Bound,PS4,https://www.pushsquare.comgames/ps4/bound
Brawlout,PS4,https://www.pushsquare.comgames/ps4/brawlout
Bubsy: The Woolies Strike Back,PS4,https://www.pushsquare.comgames/ps4/bubsy_the_woolies_strike_back
Bugsnax,"PS4, PS5",https://www.pushsquare.comgames/ps5/bugsnax
Bus Simulator 21,PS4,https://www.pushsquare.comgames/ps4/bus_simulator_21
Bus Simulator 21: Next Stop,PS5,https://www.pushsquare.comgames/ps5/bus_simulator_21_next_stop
Call of Cthulhu,PS4,https://www.pushsquare.comgames/ps4/call_of_cthulhu
Call of the Sea,"PS4, PS5",https://www.pushsquare.comgames/ps5/call_of_the_sea
Captain Tsubasa: Rise of New Champions,PS4,https://www.pushsquare.comgames/ps4/captain_tsubasa_rise_of_new_champions
Car Mechanic Simulator,PS4,https://www.pushsquare.comgames/ps4/car_mechanic_simulator
Carto,PS4,https://www.pushsquare.comgames/ps4/carto
Cartoon Network: Battle Crashers,PS4,https://www.pushsquare.comgames/ps4/cartoon_network_battle_crashers
Cat Quest,PS4,https://www.pushsquare.comgames/ps4/cat_quest
Cat Quest II,PS4,https://www.pushsquare.comgames/ps4/cat_quest_ii
Celeste,PS4,https://www.pushsquare.comgames/ps4/celeste
Chernobylite,"PS4, PS5",https://www.pushsquare.comgames/ps5/chernobylite
Chess Ultra,PS4,https://www.pushsquare.comgames/ps4/chess_ultra
Child of Light,PS4,https://www.pushsquare.comgames/ps4/child_of_light
Children of Morta,PS4,https://www.pushsquare.comgames/ps4/children_of_morta
Chivalry 2,"PS4, PS5",https://www.pushsquare.comgames/ps5/chivalry_2
Circus Electrique,"PS4, PS5",https://www.pushsquare.comgames/ps5/circus_electrique
Cities: Skylines - PlayStation 4 Edition,PS4,https://www.pushsquare.comgames/ps4/cities_skylines_-_playstation_4_edition
Citizen Sleeper,"PS4, PS5",https://www.pushsquare.comgames/ps5/citizen_sleeper
Clash: Artifacts of Chaos,"PS4, PS5",https://www.pushsquare.comgames/ps5/clash_artifacts_of_chaos
Coffee Talk,"PS4, PS5",https://www.pushsquare.comgames/ps5/coffee_talk
Coffee Talk Episode 2: Hibiscus & Butterfly,"PS4, PS5",https://www.pushsquare.comgames/ps5/coffee_talk_episode_2_hibiscus_and_butterfly
Conan Exiles,PS4,https://www.pushsquare.comgames/ps4/conan_exiles
Concrete Genie,PS4,https://www.pushsquare.comgames/ps4/concrete_genie
Construction Simulator,"PS4, PS5",https://www.pushsquare.comgames/ps5/construction_simulator
Contra: Rogue Corps,PS4,https://www.pushsquare.comgames/ps4/contra_rogue_corps
Control: Ultimate Edition,"PS4, PS5",https://www.pushsquare.comgames/ps5/control_ultimate_edition
Cricket 24: Official Game of the Ashes,"PS4, PS5",https://www.pushsquare.comgames/ps5/cricket_24_official_game_of_the_ashes
Crime Boss: Rockay City,PS5,https://www.pushsquare.comgames/ps5/crime_boss_rockay_city
Cris Tales,"PS4, PS5",https://www.pushsquare.comgames/ps5/cris_tales
Crisis Core: Final Fantasy VII Reunion,"PS4, PS5",https://www.pushsquare.comgames/ps5/crisis_core_final_fantasy_vii_reunion
Crusader Kings III: Console Edition,PS5,https://www.pushsquare.comgames/ps5/crusader_kings_iii_console_edition
Cult of the Lamb,"PS4, PS5",https://www.pushsquare.comgames/ps5/cult_of_the_lamb
Cursed to Golf,"PS4, PS5",https://www.pushsquare.comgames/ps5/cursed_to_golf
Dark Rose Valkyrie,PS4,https://www.pushsquare.comgames/ps4/dark_rose_valkyrie
Dave the Diver,"PS4, PS5",https://www.pushsquare.comgames/ps5/dave_the_diver
Days Gone,PS4,https://www.pushsquare.comgames/ps4/days_gone
Dead by Daylight,"PS4, PS5",https://www.pushsquare.comgames/ps5/dead_by_daylight
Dead Cells,PS4,https://www.pushsquare.comgames/ps4/dead_cells
Dead Island 2,"PS4, PS5",https://www.pushsquare.comgames/ps5/dead_island_2
Dead or Alive 5: Last Round,PS4,https://www.pushsquare.comgames/ps4/dead_or_alive_5_last_round
Deadcraft,PS4,https://www.pushsquare.comgames/ps4/deadcraft
Death End Re;Quest,PS4,https://www.pushsquare.comgames/ps4/death_end_request
Death Squared,PS4,https://www.pushsquare.comgames/ps4/death_squared
Death Stranding,PS4,https://www.pushsquare.comgames/ps4/death_stranding
Death Stranding Director's Cut,PS5,https://www.pushsquare.comgames/ps5/death_stranding_directors_cut
Deceive Inc,PS5,https://www.pushsquare.comgames/ps5/deceive_inc
Deliver Us the Moon,"PS4, PS5",https://www.pushsquare.comgames/ps5/deliver_us_the_moon
Demon's Souls,PS5,https://www.pushsquare.comgames/ps5/demons_souls
Desperados III,PS4,https://www.pushsquare.comgames/ps4/desperados_iii
Destiny 2: The Witch Queen,"PS4, PS5",https://www.pushsquare.comgames/ps5/destiny_2_the_witch_queen
Destroy All Humans! 2: Reprobed,PS4,https://www.pushsquare.comgames/ps4/destroy_all_humans_2_reprobed
Destruction AllStars,PS5,https://www.pushsquare.comgames/ps5/destruction_allstars
Detroit: Become Human,PS4,https://www.pushsquare.comgames/ps4/detroit_become_human
Deus Ex: Mankind Divided,PS4,https://www.pushsquare.comgames/ps4/deus_ex_mankind_divided
Devil May Cry 5,PS4,https://www.pushsquare.comgames/ps4/devil_may_cry_5
Devil May Cry 5: Special Edition,PS5,https://www.pushsquare.comgames/ps5/devil_may_cry_5_special_edition
Digimon Survive,PS4,https://www.pushsquare.comgames/ps4/digimon_survive
Disaster Report 4: Summer Memories,PS4,https://www.pushsquare.comgames/ps4/disaster_report_4_summer_memories1
Disco Elysium: The Final Cut,"PS4, PS5",https://www.pushsquare.comgames/ps5/disco_elysium_the_final_cut
Disgaea 5: Alliance of Vengeance,PS4,https://www.pushsquare.comgames/ps4/disgaea_5_alliance_of_vengeance
Dishonored 2,PS4,https://www.pushsquare.comgames/ps4/dishonored_2
Dishonored: Death of the Outsider,PS4,https://www.pushsquare.comgames/ps4/dishonored_death_of_the_outsider
DOOM,PS4,https://www.pushsquare.comgames/ps4/doom
DOOM Eternal,"PS4, PS5",https://www.pushsquare.comgames/ps5/doom_eternal
Dragon Quest Heroes: The World Tree's Woe and the Blight Below,PS4,https://www.pushsquare.comgames/ps4/dragon_quest_heroes_the_world_trees_woe_and_the_blight_below
Dragon Star Varnir,PS4,https://www.pushsquare.comgames/ps4/dragon_star_varnir
Dreams,PS4,https://www.pushsquare.comgames/ps4/dreams
Dredge,"PS4, PS5",https://www.pushsquare.comgames/ps5/dredge
Dying Light 2,"PS4, PS5",https://www.pushsquare.comgames/ps5/dying_light_2
Dynasty Warriors 8: Empires,PS4,https://www.pushsquare.comgames/ps4/dynasty_warriors_8_empires
Dynasty Warriors 9,PS4,https://www.pushsquare.comgames/ps4/dynasty_warriors_9
EA Sports PGA Tour,PS5,https://www.pushsquare.comgames/ps5/ea_sports_pga_tour
EA Sports UFC 5,PS5,https://www.pushsquare.comgames/ps5/ea_sports_ufc_5
Eagle Flight,PS4,https://www.pushsquare.comgames/ps4/eagle_flight
Earth Defense Force 4.1: The Shadow of New Despair,PS4,https://www.pushsquare.comgames/ps4/earth_defense_force_4_1_the_shadow_of_new_despair
Earth Defense Force 5,PS4,https://www.pushsquare.comgames/ps4/earth_defense_force_5
Earth Defense Force: Iron Rain,PS4,https://www.pushsquare.comgames/ps4/earth_defense_force_iron_rain
Earth Defense Force: World Brothers,PS4,https://www.pushsquare.comgames/ps4/earth_defense_force_world_brothers
Eldest Souls,"PS4, PS5",https://www.pushsquare.comgames/ps5/eldest_souls
Elite Dangerous,PS4,https://www.pushsquare.comgames/ps4/elite_dangerous
Embr,PS4,https://www.pushsquare.comgames/ps4/embr
Empire of Sin,PS4,https://www.pushsquare.comgames/ps4/empire_of_sin
Enter the Gungeon,PS4,https://www.pushsquare.comgames/ps4/enter_the_gungeon
Entwined,PS4,https://www.pushsquare.comgames/ps4/entwined
Erica,PS4,https://www.pushsquare.comgames/ps4/erica
Everybody's Golf,PS4,https://www.pushsquare.comgames/ps4/everybodys_golf
F.I.S.T.: Forged in Shadow Torch,"PS4, PS5",https://www.pushsquare.comgames/ps5/f_i_s_t_forged_in_shadow_torch
Fade to Silence,PS4,https://www.pushsquare.comgames/ps4/fade_to_silence
Fallout 4,PS4,https://www.pushsquare.comgames/ps4/fallout_4
Fallout 76,PS4,https://www.pushsquare.comgames/ps4/fallout_76
Far Cry 3: Blood Dragon Classic,PS4,https://www.pushsquare.comgames/ps4/far_cry_3_blood_dragon_classic
Far Cry 3: Classic Edition,PS4,https://www.pushsquare.comgames/ps4/far_cry_3_classic_edition
Far Cry 4,PS4,https://www.pushsquare.comgames/ps4/far_cry_4
Far Cry 5,PS4,https://www.pushsquare.comgames/ps4/far_cry_5
Far Cry 6,"PS4, PS5",https://www.pushsquare.comgames/ps5/far_cry_6
Far Cry Primal,PS4,https://www.pushsquare.comgames/ps4/far_cry_primal
Far Cry: New Dawn,PS4,https://www.pushsquare.comgames/ps4/far_cry_new_dawn
FAR: Changing Tides,"PS4, PS5",https://www.pushsquare.comgames/ps5/far_changing_tides
FIA European Truck Racing Championship,PS4,https://www.pushsquare.comgames/ps4/fia_european_truck_racing_championship
Final Fantasy VII Remake,PS4,https://www.pushsquare.comgames/ps4/final_fantasy_vii_remake
Final Fantasy VII Remake Intergrade,PS5,https://www.pushsquare.comgames/ps5/final_fantasy_vii_remake_intergrade
Firefighting Simulator: The Squad,"PS4, PS5",https://www.pushsquare.comgames/ps5/firefighting_simulator_the_squad
Football Manager 2024 Console,PS5,https://www.pushsquare.comgames/ps5/football_manager_2024_console
For Honor,PS4,https://www.pushsquare.comgames/ps4/for_honor
For the King,PS4,https://www.pushsquare.comgames/ps4/for_the_king
Forager,PS4,https://www.pushsquare.comgames/ps4/forager
Foreclosed,PS4,https://www.pushsquare.comgames/ps4/foreclosed
Forspoken,PS5,https://www.pushsquare.comgames/ps5/forspoken
Frostpunk,PS4,https://www.pushsquare.comgames/ps4/frostpunk
Fury Unleashed,PS4,https://www.pushsquare.comgames/ps4/fury_unleashed
Garou: Mark of the Wolves,PS4,https://www.pushsquare.comgames/ps4/garou_mark_of_the_wolves
Get Even,PS4,https://www.pushsquare.comgames/ps4/get_even
Ghost of Tsushima: Director's Cut,"PS4, PS5",https://www.pushsquare.comgames/ps5/ghost_of_tsushima_directors_cut
Ghost Recon: Breakpoint,PS4,https://www.pushsquare.comgames/ps4/ghost_recon_breakpoint
Ghostbusters: Spirits Unleashed,"PS4, PS5",https://www.pushsquare.comgames/ps5/ghostbusters_spirits_unleashed
Ghostrunner,"PS4, PS5",https://www.pushsquare.comgames/ps5/ghostrunner
Gigantosaurus The Game,PS4,https://www.pushsquare.comgames/ps4/gigantosaurus_the_game
God of War,PS4,https://www.pushsquare.comgames/ps4/god_of_war
God of War Ragnarok,PS5,https://www.pushsquare.comgames/ps5/god_of_war_ragnarok
God of War Ragnarok: Valhalla,PS4,https://www.pushsquare.comgames/ps4/god_of_war_ragnarok_valhalla
Golf with Your Friends,PS4,https://www.pushsquare.comgames/ps4/golf_with_your_friends
Grand Ages: Medieval,PS4,https://www.pushsquare.comgames/ps4/grand_ages_medieval
Grand Theft Auto V,"PS4, PS5",https://www.pushsquare.comgames/ps5/grand_theft_auto_v
Grand Theft Auto: San Andreas - Definitive Edition,"PS4, PS5",https://www.pushsquare.comgames/ps5/grand_theft_auto_san_andreas_-_definitive_edition
Gravity Rush 2,PS4,https://www.pushsquare.comgames/ps4/gravity_rush_2
GRIS,"PS4, PS5",https://www.pushsquare.comgames/ps5/gris
Gungrave G.O.R.E.,"PS4, PS5",https://www.pushsquare.comgames/ps5/gungrave_g_o_r_e
Harvest Moon: Light of Hope,PS4,https://www.pushsquare.comgames/ps4/harvest_moon_light_of_hope
Harvest Moon: Mad Dash,PS4,https://www.pushsquare.comgames/ps4/harvest_moon_mad_dash
Harvest Moon: One World,PS4,https://www.pushsquare.comgames/ps4/harvest_moon_one_world
Hello Neighbor,PS4,https://www.pushsquare.comgames/ps4/hello_neighbor
Hogwarts Legacy,"PS4, PS5",https://www.pushsquare.comgames/ps5/hogwarts_legacy
Hohokum,PS4,https://www.pushsquare.comgames/ps4/hohokum
Hollow Knight: Voidheart Edition,PS4,https://www.pushsquare.comgames/ps4/hollow_knight_voidheart_edition
Hotel Transylvania: Scary-Tale Adventures,"PS4, PS5",https://www.pushsquare.comgames/ps5/hotel_transylvania_scary-tale_adventures
Hotline Miami 2: Wrong Number,PS4,https://www.pushsquare.comgames/ps4/hotline_miami_2_wrong_number
Hotshot Racing,PS4,https://www.pushsquare.comgames/ps4/hotshot_racing
Hue,PS4,https://www.pushsquare.comgames/ps4/hue
Human: Fall Flat,"PS4, PS5",https://www.pushsquare.comgames/ps5/human_fall_flat
Humanity,"PS4, PS5",https://www.pushsquare.comgames/ps5/humanity
Hundred Days: Winemaking Simulator,"PS4, PS5",https://www.pushsquare.comgames/ps5/hundred_days_winemaking_simulator
Hungry Shark World,PS4,https://www.pushsquare.comgames/ps4/hungry_shark_world
I Am Bread,PS4,https://www.pushsquare.comgames/ps4/i_am_bread
I Am Dead,PS4,https://www.pushsquare.comgames/ps4/i_am_dead
I Am Setsuna,PS4,https://www.pushsquare.comgames/ps4/i_am_setsuna
Ice Age: Scrat's Nutty Adventure,PS4,https://www.pushsquare.comgames/ps4/ice_age_scrats_nutty_adventure
Immortals Fenyx Rising,"PS4, PS5",https://www.pushsquare.comgames/ps5/immortals_fenyx_rising
inFAMOUS: First Light,PS4,https://www.pushsquare.comgames/ps4/infamous_first_light
inFAMOUS: Second Son,PS4,https://www.pushsquare.comgames/ps4/infamous_second_son
Infinite Minigolf,PS4,https://www.pushsquare.comgames/ps4/infinite_minigolf
Inscryption,"PS4, PS5",https://www.pushsquare.comgames/ps5/inscryption
Jackbox Party Pack 9,"PS4, PS5",https://www.pushsquare.comgames/ps5/jackbox_party_pack_9
Jett: The Far Shore,"PS4, PS5",https://www.pushsquare.comgames/ps5/jett_the_far_shore
Journey to the Savage Planet,PS4,https://www.pushsquare.comgames/ps4/journey_to_the_savage_planet
JUMANJI: The Video Game,PS4,https://www.pushsquare.comgames/ps4/jumanji_the_video_game
JumpJet Rex,PS4,https://www.pushsquare.comgames/ps4/jumpjet_rex
Jurassic World Evolution 2,"PS4, PS5",https://www.pushsquare.comgames/ps5/jurassic_world_evolution_2
Killer Frequency,"PS4, PS5",https://www.pushsquare.comgames/ps5/killer_frequency
Killing Floor 2,PS4,https://www.pushsquare.comgames/ps4/killing_floor_2
Killzone: Shadow Fall,PS4,https://www.pushsquare.comgames/ps4/killzone_shadow_fall
Kingdom: New Lands,PS4,https://www.pushsquare.comgames/ps4/kingdom_new_lands
Knack,PS4,https://www.pushsquare.comgames/ps4/knack
Lake,"PS4, PS5",https://www.pushsquare.comgames/ps5/lake
Last Stop,PS5,https://www.pushsquare.comgames/ps5/last_stop
Lawn Mowing Simulator,"PS4, PS5",https://www.pushsquare.comgames/ps5/lawn_mowing_simulator
Legendary Fishing,PS4,https://www.pushsquare.comgames/ps4/legendary_fishing
LEGO Batman 3: Beyond Gotham,PS4,https://www.pushsquare.comgames/ps4/lego_batman_3_beyond_gotham
LEGO City Undercover,PS4,https://www.pushsquare.comgames/ps4/lego_city_undercover
LEGO DC Super-Villains,PS4,https://www.pushsquare.comgames/ps4/lego_dc_super-villains
LEGO Jurassic World,PS4,https://www.pushsquare.comgames/ps4/lego_jurassic_world
LEGO Marvel Super Heroes 2,PS4,https://www.pushsquare.comgames/ps4/lego_marvel_super_heroes_2
LEGO Marvel's Avengers,PS4,https://www.pushsquare.comgames/ps4/lego_marvels_avengers
LEGO The Hobbit,PS4,https://www.pushsquare.comgames/ps4/lego_the_hobbit
LEGO The Incredibles,PS4,https://www.pushsquare.comgames/ps4/lego_the_incredibles
LEGO Worlds,PS4,https://www.pushsquare.comgames/ps4/lego_worlds
Like a Dragon Gaiden: The Man Who Erased His Name,"PS4, PS5",https://www.pushsquare.comgames/ps5/like_a_dragon_gaiden_the_man_who_erased_his_name
Like a Dragon: Ishin!,"PS4, PS5",https://www.pushsquare.comgames/ps5/like_a_dragon_ishin
Little Big Workshop,PS4,https://www.pushsquare.comgames/ps4/little_big_workshop
Little Nightmares,PS4,https://www.pushsquare.comgames/ps4/little_nightmares
Lonely Mountains: Downhill,PS4,https://www.pushsquare.comgames/ps4/lonely_mountains_downhill
Lost Judgment,PS4,https://www.pushsquare.comgames/ps4/lost_judgment
Lost Records: Bloom & Rage,PS5,https://www.pushsquare.comgames/ps5/lost_records_bloom_and_rage
Lost Sphear,PS4,https://www.pushsquare.comgames/ps4/lost_sphear
Magicka 2,PS4,https://www.pushsquare.comgames/ps4/magicka_2
Mahjong,PS4,https://www.pushsquare.comgames/ps4/mahjong
Malicious Fallen,PS4,https://www.pushsquare.comgames/ps4/malicious_fallen
Maneater,"PS4, PS5",https://www.pushsquare.comgames/ps5/maneater
Marvel's Guardians of the Galaxy,"PS4, PS5",https://www.pushsquare.comgames/ps5/marvels_guardians_of_the_galaxy
Marvel's Spider-Man: Miles Morales,"PS4, PS5",https://www.pushsquare.comgames/ps5/marvels_spider-man_miles_morales
Matterfall,PS4,https://www.pushsquare.comgames/ps4/matterfall
MediEvil,PS4,https://www.pushsquare.comgames/ps4/medievil
Megadimension Neptunia VII,PS4,https://www.pushsquare.comgames/ps4/megadimension_neptunia_vii
Melty Blood: Type Lumina,PS4,https://www.pushsquare.comgames/ps4/melty_blood_type_lumina
Mitsurugi Kamui Hikae,PS4,https://www.pushsquare.comgames/ps4/mitsurugi_kamui_hikae
Mobile Suit Gundam: Battle Operation Code Fairy,"PS4, PS5",https://www.pushsquare.comgames/ps5/mobile_suit_gundam_battle_operation_code_fairy
Monopoly Madness,PS4,https://www.pushsquare.comgames/ps4/monopoly_madness
Monopoly Plus,PS4,https://www.pushsquare.comgames/ps4/monopoly_plus
Monster Boy and the Cursed Kingdom,"PS4, PS5",https://www.pushsquare.comgames/ps5/monster_boy_and_the_cursed_kingdom
Monster Hunter Rise,"PS4, PS5",https://www.pushsquare.comgames/ps5/monster_hunter_rise
Monster Truck Championship,"PS4, PS5",https://www.pushsquare.comgames/ps5/monster_truck_championship
Moonlighter,PS4,https://www.pushsquare.comgames/ps4/moonlighter
Mordhau,PS5,https://www.pushsquare.comgames/ps5/mordhau
Mortal Shell,PS4,https://www.pushsquare.comgames/ps4/mortal_shell
Mortal Shell: Enhanced Edition,PS5,https://www.pushsquare.comgames/ps5/mortal_shell_enhanced_edition
MotoGP 24,"PS4, PS5",https://www.pushsquare.comgames/ps5/motogp_24
Mount & Blade II: Bannerlord,"PS4, PS5",https://www.pushsquare.comgames/ps5/mount_and_blade_ii_bannerlord
Moving Out 2,PS5,https://www.pushsquare.comgames/ps5/moving_out_2
MX vs. ATV All Out: Anniversary Collection,PS4,https://www.pushsquare.comgames/ps4/mx_vs_atv_all_out_anniversary_collection
My Friend Peppa Pig,PS4,https://www.pushsquare.comgames/ps4/my_friend_peppa_pig
Mystic Pillars: Remastered,PS5,https://www.pushsquare.comgames/ps5/mystic_pillars_remastered
Naruto to Boruto: Shinobi Striker,PS4,https://www.pushsquare.comgames/ps4/naruto_to_boruto_shinobi_striker
NASCAR Heat 5,PS4,https://www.pushsquare.comgames/ps4/nascar_heat_5
NBA 2K Playgrounds 2,PS4,https://www.pushsquare.comgames/ps4/nba_2k_playgrounds_2
NBA 2K24,PS4,https://www.pushsquare.comgames/ps4/nba_2k24
Night in the Woods,"PS4, PS5",https://www.pushsquare.comgames/ps5/night_in_the_woods
Nightmares from the Deep 2: The Siren's Call,PS4,https://www.pushsquare.comgames/ps4/nightmares_from_the_deep_2_the_sirens_call
Nights of Azure,PS4,https://www.pushsquare.comgames/ps4/nights_of_azure
Nights of Azure 2: Bride of the New Moon,PS4,https://www.pushsquare.comgames/ps4/nights_of_azure_2_bride_of_the_new_moon
Nioh,PS4,https://www.pushsquare.comgames/ps4/nioh
No More Heroes III,"PS4, PS5",https://www.pushsquare.comgames/ps5/no_more_heroes_iii
Nobunaga's Ambition: Taishi,PS4,https://www.pushsquare.comgames/ps4/nobunagas_ambition_taishi
Observer: System Redux,PS5,https://www.pushsquare.comgames/ps5/observer_system_redux
Oddballers,PS4,https://www.pushsquare.comgames/ps4/oddballers
Oddworld: New 'n' Tasty,PS4,https://www.pushsquare.comgames/ps4/oddworld_new_n_tasty
Oddworld: Soulstorm,"PS4, PS5",https://www.pushsquare.comgames/ps5/oddworld_soulstorm
Odin Sphere: Leifthrasir,PS4,https://www.pushsquare.comgames/ps4/odin_sphere_leifthrasir
Omega Quintet,PS4,https://www.pushsquare.comgames/ps4/omega_quintet
Omno,PS4,https://www.pushsquare.comgames/ps4/omno
Onee Chanbara Origin,PS4,https://www.pushsquare.comgames/ps4/onee_chanbara_origin
Oninaki,PS4,https://www.pushsquare.comgames/ps4/oninaki
Orcs Must Die 3,"PS4, PS5",https://www.pushsquare.comgames/ps5/orcs_must_die_3
Outlast II,PS4,https://www.pushsquare.comgames/ps4/outlast_ii
Overcooked: All You Can Eat,"PS4, PS5",https://www.pushsquare.comgames/ps5/overcooked_all_you_can_eat
Overpass,PS4,https://www.pushsquare.comgames/ps4/overpass
Overpass 2,PS5,https://www.pushsquare.comgames/ps5/overpass_2
Paradise Killer,"PS4, PS5",https://www.pushsquare.comgames/ps5/paradise_killer
Pathfinder: Wrath of the Righteous Enhanced Edition,"PS4, PS5",https://www.pushsquare.comgames/ps5/pathfinder_wrath_of_the_righteous_enhanced_edition
PAW Patrol Mighty Pups Save Adventure Bay,"PS4, PS5",https://www.pushsquare.comgames/ps5/paw_patrol_mighty_pups_save_adventure_bay
PAW Patrol The Movie: Adventure City Calls,"PS4, PS5",https://www.pushsquare.comgames/ps5/paw_patrol_the_movie_adventure_city_calls
PAW Patrol: On a Roll,PS4,https://www.pushsquare.comgames/ps4/paw_patrol_on_a_roll
Payday 2: Crimewave Edition,PS4,https://www.pushsquare.comgames/ps4/payday_2_crimewave_edition
Phogs,PS4,https://www.pushsquare.comgames/ps4/phogs
Pile Up!,PS4,https://www.pushsquare.comgames/ps4/pile_up
Pillars of Eternity II: Deadfire,PS4,https://www.pushsquare.comgames/ps4/pillars_of_eternity_ii_deadfire
Pillars of Eternity: Complete Edition,PS4,https://www.pushsquare.comgames/ps4/pillars_of_eternity_complete_edition
PJ Masks: Heroes of the Night,"PS4, PS5",https://www.pushsquare.comgames/ps5/pj_masks_heroes_of_the_night
PlateUp!,"PS4, PS5",https://www.pushsquare.comgames/ps5/plateup
Poker Club,"PS4, PS5",https://www.pushsquare.comgames/ps5/poker_club
Police Simulator: Patrol Officers,"PS4, PS5",https://www.pushsquare.comgames/ps5/police_simulator_patrol_officers
Portal Knights,PS4,https://www.pushsquare.comgames/ps4/portal_knights
Power Rangers: Battle for the Grid,PS4,https://www.pushsquare.comgames/ps4/power_rangers_battle_for_the_grid
PREY,PS4,https://www.pushsquare.comgames/ps4/prey
Prince of Persia: The Lost Crown,"PS4, PS5",https://www.pushsquare.comgames/ps5/prince_of_persia_the_lost_crown
Prison Architect,PS4,https://www.pushsquare.comgames/ps4/prison_architect
Pure Pool,PS4,https://www.pushsquare.comgames/ps4/pure_pool
Q*Bert Rebooted,PS4,https://www.pushsquare.comgames/ps4/qbert_rebooted
Rabbids Invasion: The Interactive TV Show,PS4,https://www.pushsquare.comgames/ps4/rabbids_invasion_the_interactive_tv_show
Rabbids: Party of Legends,PS4,https://www.pushsquare.comgames/ps4/rabbids_party_of_legends
RAGE 2,PS4,https://www.pushsquare.comgames/ps4/rage_2
Rain World,PS4,https://www.pushsquare.comgames/ps4/rain_world
Rainbow Six: Extraction,"PS4, PS5",https://www.pushsquare.comgames/ps5/rainbow_six_extraction
Raji: An Ancient Epic,"PS4, PS5",https://www.pushsquare.comgames/ps5/raji_an_ancient_epic
Rapala Fishing Pro Series,PS4,https://www.pushsquare.comgames/ps4/rapala_fishing_pro_series
Ratchet & Clank: Rift Apart,PS5,https://www.pushsquare.comgames/ps5/ratchet_and_clank_rift_apart
Rayman Legends,PS4,https://www.pushsquare.comgames/ps4/rayman_legends
ReadySet Heroes,PS4,https://www.pushsquare.comgames/ps4/readyset_heroes
Rebel Galaxy,PS4,https://www.pushsquare.comgames/ps4/rebel_galaxy
Redout 2,"PS4, PS5",https://www.pushsquare.comgames/ps5/redout_2
Remnant II,PS5,https://www.pushsquare.comgames/ps5/remnant_ii
Resident Evil 7: Biohazard,PS4,https://www.pushsquare.comgames/ps4/resident_evil_7_biohazard
Resogun,PS4,https://www.pushsquare.comgames/ps4/resogun
Return to Monkey Island,PS5,https://www.pushsquare.comgames/ps5/return_to_monkey_island
Returnal,PS5,https://www.pushsquare.comgames/ps5/returnal
Rez Infinite,PS4,https://www.pushsquare.comgames/ps4/rez_infinite
RIDE 5,PS5,https://www.pushsquare.comgames/ps5/ride_5
Riders Republic,"PS4, PS5",https://www.pushsquare.comgames/ps5/riders_republic
Rise of the Tomb Raider,PS4,https://www.pushsquare.comgames/ps4/rise_of_the_tomb_raider
RISK: Urban Assault,PS4,https://www.pushsquare.comgames/ps4/risk_urban_assault
River City Melee Mach!!,PS4,https://www.pushsquare.comgames/ps4/river_city_melee_mach
Road 96,"PS4, PS5",https://www.pushsquare.comgames/ps5/road_96
Rock of Ages III: Make & Break,PS4,https://www.pushsquare.comgames/ps4/rock_of_ages_iii_make_and_break
Rogue Legacy 2,"PS4, PS5",https://www.pushsquare.comgames/ps5/rogue_legacy_2
Rogue Lords,PS4,https://www.pushsquare.comgames/ps4/rogue_lords
Roguebook,"PS4, PS5",https://www.pushsquare.comgames/ps5/roguebook
Röki,PS5,https://www.pushsquare.comgames/ps5/roki
Romance of the Three Kingdoms XIII,PS4,https://www.pushsquare.comgames/ps4/romance_of_the_three_kingdoms_xiii
Rune Factory 4 Special,PS4,https://www.pushsquare.comgames/ps4/rune_factory_4_special
Sackboy: A Big Adventure,"PS4, PS5",https://www.pushsquare.comgames/ps5/sackboy_a_big_adventure
SaGa Frontier Remastered,PS4,https://www.pushsquare.comgames/ps4/saga_frontier_remastered
Sakuna: Of Rice and Ruin,PS4,https://www.pushsquare.comgames/ps4/sakuna_of_rice_and_ruin
Salt and Sacrifice,"PS4, PS5",https://www.pushsquare.comgames/ps5/salt_and_sacrifice
Samurai Warriors 5,PS4,https://www.pushsquare.comgames/ps4/samurai_warriors_5
Sayonara Wild Hearts,"PS4, PS5",https://www.pushsquare.comgames/ps5/sayonara_wild_hearts
Scott Pilgrim vs. The World: The Game Complete Edition,PS4,https://www.pushsquare.comgames/ps4/scott_pilgrim_vs_the_world_the_game_complete_edition
SD Gundam Battle Alliance,"PS4, PS5",https://www.pushsquare.comgames/ps5/sd_gundam_battle_alliance
Sea of Stars,PS4,https://www.pushsquare.comgames/ps4/sea_of_stars
Secret Neighbor,PS4,https://www.pushsquare.comgames/ps4/secret_neighbor
Session: Skate Sim,"PS4, PS5",https://www.pushsquare.comgames/ps5/session_skate_sim
Shadow of the Beast,PS4,https://www.pushsquare.comgames/ps4/shadow_of_the_beast
Shadow of the Colossus,PS4,https://www.pushsquare.comgames/ps4/shadow_of_the_colossus
Shadow of the Tomb Raider,PS4,https://www.pushsquare.comgames/ps4/shadow_of_the_tomb_raider
Shadow Tactics: Blades of the Shogun,PS4,https://www.pushsquare.comgames/ps4/shadow_tactics_blades_of_the_shogun
Shadow Warrior 2,PS4,https://www.pushsquare.comgames/ps4/shadow_warrior_2
Shadowrun Returns,"PS4, PS5",https://www.pushsquare.comgames/ps5/shadowrun_returns
Shadowrun: Dragonfall Director's Cut,"PS4, PS5",https://www.pushsquare.comgames/ps5/shadowrun_dragonfall_directors_cut
Shadowrun: Hong Kong Extended Edition,"PS4, PS5",https://www.pushsquare.comgames/ps5/shadowrun_hong_kong_extended_edition
Slime Rancher,PS4,https://www.pushsquare.comgames/ps4/slime_rancher
Sniper Elite 4,PS4,https://www.pushsquare.comgames/ps4/sniper_elite_4
Sniper Elite 5,"PS4, PS5",https://www.pushsquare.comgames/ps5/sniper_elite_5
SnowRunner,"PS4, PS5",https://www.pushsquare.comgames/ps5/snowrunner
Somerville,"PS4, PS5",https://www.pushsquare.comgames/ps5/somerville
Sonic Frontiers,"PS4, PS5",https://www.pushsquare.comgames/ps5/sonic_frontiers
Soundfall,"PS4, PS5",https://www.pushsquare.comgames/ps5/soundfall
Source of Madness,"PS4, PS5",https://www.pushsquare.comgames/ps5/source_of_madness
South Park: The Fractured But Whole,PS4,https://www.pushsquare.comgames/ps4/south_park_the_fractured_but_whole
South Park: The Stick of Truth,PS4,https://www.pushsquare.comgames/ps4/south_park_the_stick_of_truth
Space Crew: Legendary Edition,PS4,https://www.pushsquare.comgames/ps4/space_crew_legendary_edition
Space Engineers,"PS4, PS5",https://www.pushsquare.comgames/ps5/space_engineers
Space Hulk: Deathwing,PS4,https://www.pushsquare.comgames/ps4/space_hulk_deathwing
Space Junkies,PS4,https://www.pushsquare.comgames/ps4/space_junkies
SpellForce III Reforced,PS4,https://www.pushsquare.comgames/ps4/spellforce_iii_reforced
Spintires: Mudrunner,PS4,https://www.pushsquare.comgames/ps4/spintires_mudrunner
Spirit of the North: Enhanced Edition,PS5,https://www.pushsquare.comgames/ps5/spirit_of_the_north_enhanced_edition
Spitlings,PS4,https://www.pushsquare.comgames/ps4/spitlings
Star Ocean: The Divine Force,PS4,https://www.pushsquare.comgames/ps4/star_ocean_the_divine_force
Star Trek: Bridge Crew,PS4,https://www.pushsquare.comgames/ps4/star_trek_bridge_crew
Star Wars Jedi: Survivor,"PS4, PS5",https://www.pushsquare.comgames/ps5/star_wars_jedi_survivor
Starlink: Battle for Atlas,PS4,https://www.pushsquare.comgames/ps4/starlink_battle_for_atlas
Steep,PS4,https://www.pushsquare.comgames/ps4/steep
Stellaris,PS4,https://www.pushsquare.comgames/ps4/stellaris
Stick Fight: The Game,PS4,https://www.pushsquare.comgames/ps4/stick_fight_the_game
Story of Seasons: Friends of Mineral Town,PS4,https://www.pushsquare.comgames/ps4/story_of_seasons_friends_of_mineral_town
Stranded Deep,PS4,https://www.pushsquare.comgames/ps4/stranded_deep
Stranded: Alien Dawn,"PS4, PS5",https://www.pushsquare.comgames/ps5/stranded_alien_dawn
Street Fighter V: Champion Edition,PS4,https://www.pushsquare.comgames/ps4/street_fighter_v_champion_edition
Super Neptunia RPG,PS4,https://www.pushsquare.comgames/ps4/super_neptunia_rpg
Surgeon Simulator: Anniversary Edition,PS4,https://www.pushsquare.comgames/ps4/surgeon_simulator_anniversary_edition
Surviving Mars,PS4,https://www.pushsquare.comgames/ps4/surviving_mars
Surviving the Aftermath,PS4,https://www.pushsquare.comgames/ps4/surviving_the_aftermath
Sword Art Online: Alicization Lycoris,PS4,https://www.pushsquare.comgames/ps4/sword_art_online_alicization_lycoris
Sword Art Online: Fatal Bullet,PS4,https://www.pushsquare.comgames/ps4/sword_art_online_fatal_bullet
Sword Art Online: Hollow Realization,PS4,https://www.pushsquare.comgames/ps4/sword_art_online_hollow_realization
Sword Art Online: Last Recollection,"PS4, PS5",https://www.pushsquare.comgames/ps5/sword_art_online_last_recollection
Syberia: The World Before,"PS4, PS5",https://www.pushsquare.comgames/ps5/syberia_the_world_before
Tacoma,PS4,https://www.pushsquare.comgames/ps4/tacoma
Tails Noir,PS5,https://www.pushsquare.comgames/ps5/tails_noir
Tearaway Unfolded,PS4,https://www.pushsquare.comgames/ps4/tearaway_unfolded
Teenage Mutant Ninja Turtles: Shredder's Revenge,"PS4, PS5",https://www.pushsquare.comgames/ps5/teenage_mutant_ninja_turtles_shredders_revenge
Tekken 7,PS4,https://www.pushsquare.comgames/ps4/tekken_7
Telling Lies,PS4,https://www.pushsquare.comgames/ps4/telling_lies
Tennis World Tour 2,PS4,https://www.pushsquare.comgames/ps4/tennis_world_tour_2
Tennis World Tour 2: Complete Edition,PS5,https://www.pushsquare.comgames/ps5/tennis_world_tour_2_complete_edition
Terraria,PS4,https://www.pushsquare.comgames/ps4/terraria
Tetris Effect,PS4,https://www.pushsquare.comgames/ps4/tetris_effect
The Artful Escape,PS4,https://www.pushsquare.comgames/ps4/artful_escape
The Ascent,"PS4, PS5",https://www.pushsquare.comgames/ps5/ascent
The Crew 2,PS4,https://www.pushsquare.comgames/ps4/crew_2
The Dark Pictures Anthology: House of Ashes,"PS4, PS5",https://www.pushsquare.comgames/ps5/dark_pictures_anthology_house_of_ashes
The Dark Pictures Anthology: Little Hope,PS4,https://www.pushsquare.comgames/ps4/dark_pictures_anthology_little_hope
The Dark Pictures Anthology: Man of Medan,PS4,https://www.pushsquare.comgames/ps4/dark_pictures_anthology_man_of_medan
The Dark Pictures Anthology: The Devil in Me,"PS4, PS5",https://www.pushsquare.comgames/ps5/dark_pictures_anthology_the_devil_in_me
The Division 2,PS4,https://www.pushsquare.comgames/ps4/division_2
The Elder Scrolls Online: Tamriel Unlimited,"PS4, PS5",https://www.pushsquare.comgames/ps5/elder_scrolls_online_tamriel_unlimited
The Elder Scrolls V: Skyrim - Special Edition,PS4,https://www.pushsquare.comgames/ps4/elder_scrolls_v_skyrim_-_special_edition
The Elder Scrolls V: Skyrim Anniversary Edition,PS5,https://www.pushsquare.comgames/ps5/elder_scrolls_v_skyrim_anniversary_edition
The Evil Within 2,PS4,https://www.pushsquare.comgames/ps4/evil_within_2
The Fisherman: Fishing Planet,PS4,https://www.pushsquare.comgames/ps4/fisherman_fishing_planet
The Forgotten City,"PS4, PS5",https://www.pushsquare.comgames/ps5/forgotten_city
The Gardens Between,"PS4, PS5",https://www.pushsquare.comgames/ps5/gardens_between
The Last Guardian,PS4,https://www.pushsquare.comgames/ps4/last_guardian
The Last of Us Part I,PS5,https://www.pushsquare.comgames/ps5/last_of_us_part_i
The LEGO Movie 2 Videogame,PS4,https://www.pushsquare.comgames/ps4/lego_movie_2_videogame
The LEGO Movie Videogame,PS4,https://www.pushsquare.comgames/ps4/lego_movie_videogame
The LEGO NINJAGO Movie Video Game,PS4,https://www.pushsquare.comgames/ps4/lego_ninjago_movie_video_game
The Long Dark,PS4,https://www.pushsquare.comgames/ps4/long_dark
The Missing: J.J. Macfield and the Island of Memories,PS4,https://www.pushsquare.comgames/ps4/missing_j_j_macfield_and_the_island_of_memories
The Pedestrian,"PS4, PS5",https://www.pushsquare.comgames/ps5/pedestrian
The Plucky Squire,PS5,https://www.pushsquare.comgames/ps5/plucky_squire
The Settlers: New Allies,PS4,https://www.pushsquare.comgames/ps4/settlers_new_allies
The Surge,PS4,https://www.pushsquare.comgames/ps4/surge
The Surge 2,PS4,https://www.pushsquare.comgames/ps4/surge_2
The Technomancer,PS4,https://www.pushsquare.comgames/ps4/technomancer
The Witch and the Hundred Knight: Revival Edition,PS4,https://www.pushsquare.comgames/ps4/witch_and_the_hundred_knight_revival_edition
The Witcher 3: Wild Hunt,PS4,https://www.pushsquare.comgames/ps4/witcher_3_wild_hunt
The Witcher 3: Wild Hunt - Complete Edition,PS5,https://www.pushsquare.comgames/ps5/witcher_3_wild_hunt_-_complete_edition
Thief,PS4,https://www.pushsquare.comgames/ps4/thief
This War of Mine: Final Cut,PS5,https://www.pushsquare.comgames/ps5/this_war_of_mine_final_cut
Thomas Was Alone,PS4,https://www.pushsquare.comgames/ps4/thomas_was_alone
Thymesia,PS5,https://www.pushsquare.comgames/ps5/thymesia
Tin Hearts,"PS4, PS5",https://www.pushsquare.comgames/ps5/tin_hearts
Tom Clancy's Ghost Recon: Wildlands,PS4,https://www.pushsquare.comgames/ps4/tom_clancys_ghost_recon_wildlands
Tom Clancy's Rainbow Six: Siege,"PS4, PS5",https://www.pushsquare.comgames/ps5/tom_clancys_rainbow_six_siege
Tom Clancy's The Division,PS4,https://www.pushsquare.comgames/ps4/tom_clancys_the_division
Tomb Raider: Definitive Edition,PS4,https://www.pushsquare.comgames/ps4/tomb_raider_definitive_edition
TopSpin 2K25,"PS4, PS5",https://www.pushsquare.comgames/ps5/topspin_2k25
Totally Reliable Delivery Service,PS4,https://www.pushsquare.comgames/ps4/totally_reliable_delivery_service
Touhou Genso Rondo: Bullet Ballet,PS4,https://www.pushsquare.comgames/ps4/touhou_genso_rondo_bullet_ballet
Toukiden 2,PS4,https://www.pushsquare.comgames/ps4/toukiden_2
Tour de France 2023,"PS4, PS5",https://www.pushsquare.comgames/ps5/tour_de_france_2023
TowerFall Ascension,PS4,https://www.pushsquare.comgames/ps4/towerfall_ascension
Townsmen: A Kingdom Rebuilt,PS4,https://www.pushsquare.comgames/ps4/townsmen_a_kingdom_rebuilt
TrackMania: Turbo,PS4,https://www.pushsquare.comgames/ps4/trackmania_turbo
Transference,PS4,https://www.pushsquare.comgames/ps4/transference
Travis Strikes Again: No More Heroes,PS4,https://www.pushsquare.comgames/ps4/travis_strikes_again_no_more_heroes
Trials Fusion,PS4,https://www.pushsquare.comgames/ps4/trials_fusion
Trials of the Blood Dragon,PS4,https://www.pushsquare.comgames/ps4/trials_of_the_blood_dragon
Trials Rising,PS4,https://www.pushsquare.comgames/ps4/trials_rising
Tricky Towers,PS4,https://www.pushsquare.comgames/ps4/tricky_towers
Trine 4: The Nightmare Prince,PS4,https://www.pushsquare.comgames/ps4/trine_4_the_nightmare_prince
TRON RUN/r,PS4,https://www.pushsquare.comgames/ps4/tron_runr
Tropico 5,PS4,https://www.pushsquare.comgames/ps4/tropico_5
Two Point Campus,"PS4, PS5",https://www.pushsquare.comgames/ps5/two_point_campus
Two Point Hospital,PS4,https://www.pushsquare.comgames/ps4/two_point_hospital
Umbrella Corps,PS4,https://www.pushsquare.comgames/ps4/umbrella_corps
Uncharted 4: A Thief's End,PS4,https://www.pushsquare.comgames/ps4/uncharted_4_a_thiefs_end
Uncharted: Legacy of Thieves Collection,PS5,https://www.pushsquare.comgames/ps5/uncharted_legacy_of_thieves_collection
Uncharted: The Lost Legacy,PS4,https://www.pushsquare.comgames/ps4/uncharted_the_lost_legacy
Under the Waves,"PS4, PS5",https://www.pushsquare.comgames/ps5/under_the_waves
Undertale,PS4,https://www.pushsquare.comgames/ps4/undertale
UNO,"PS4, PS5",https://www.pushsquare.comgames/ps5/uno
Until Dawn,PS4,https://www.pushsquare.comgames/ps4/until_dawn
Untitled Goose Game,PS4,https://www.pushsquare.comgames/ps4/untitled_goose_game
Valiant Hearts: The Great War,PS4,https://www.pushsquare.comgames/ps4/valiant_hearts_the_great_war
Vampire: The Masquerade - Swansong,"PS4, PS5",https://www.pushsquare.comgames/ps5/vampire_the_masquerade_-_swansong
Vampyr,PS4,https://www.pushsquare.comgames/ps4/vampyr
Vikings - Wolves of Midgard,PS4,https://www.pushsquare.comgames/ps4/vikings_-_wolves_of_midgard
"Warhammer 40,000: Inquisitor - Martyr",PS4,https://www.pushsquare.comgames/ps4/warhammer_40000_inquisitor_-_martyr
Warhammer: Chaosbane,"PS4, PS5",https://www.pushsquare.comgames/ps5/warhammer_chaosbane
Warhammer: Vermintide 2,PS4,https://www.pushsquare.comgames/ps4/warhammer_vermintide_2
Warriors All-Stars,PS4,https://www.pushsquare.comgames/ps4/warriors_all-stars
Watch Dogs 2,PS4,https://www.pushsquare.comgames/ps4/watch_dogs_2
Watch Dogs Legion,"PS4, PS5",https://www.pushsquare.comgames/ps5/watch_dogs_legion
Werewolf: The Apocalypse - Earthblood,"PS4, PS5",https://www.pushsquare.comgames/ps5/werewolf_the_apocalypse_-_earthblood
Werewolves Within,PS4,https://www.pushsquare.comgames/ps4/werewolves_within
West of Dead,PS4,https://www.pushsquare.comgames/ps4/west_of_dead
Wheel of Fortune,PS4,https://www.pushsquare.comgames/ps4/wheel_of_fortune
Wild Card Football,"PS4, PS5",https://www.pushsquare.comgames/ps5/wild_card_football
Wild Hearts,PS5,https://www.pushsquare.comgames/ps5/wild_hearts
Wolfenstein II: The New Colossus,PS4,https://www.pushsquare.comgames/ps4/wolfenstein_ii_the_new_colossus
Wolfenstein: The New Order,PS4,https://www.pushsquare.comgames/ps4/wolfenstein_the_new_order
Wolfenstein: The Old Blood,PS4,https://www.pushsquare.comgames/ps4/wolfenstein_the_old_blood
Wolfenstein: Youngblood,PS4,https://www.pushsquare.comgames/ps4/wolfenstein_youngblood
World War Z: Aftermath,"PS4, PS5",https://www.pushsquare.comgames/ps5/world_war_z_aftermath
Worms W.M.D,PS4,https://www.pushsquare.comgames/ps4/worms_w_m_d
WRC Generations,"PS4, PS5",https://www.pushsquare.comgames/ps5/wrc_generations
Wytchwood,PS4,https://www.pushsquare.comgames/ps4/wytchwood
XCOM 2,PS4,https://www.pushsquare.comgames/ps4/xcom_2
Yet Another Zombie Defense HD,PS4,https://www.pushsquare.comgames/ps4/yet_another_zombie_defense_hd
You Suck at Parking,"PS4, PS5",https://www.pushsquare.comgames/ps5/you_suck_at_parking
Ys IX: Monstrum Nox,PS4,https://www.pushsquare.comgames/ps4/ys_ix_monstrum_nox
Ys VIII: Lacrimosa of Dana,PS4,https://www.pushsquare.comgames/ps4/ys_viii_lacrimosa_of_dana
Zombi,PS4,https://www.pushsquare.comgames/ps4/zombi
Zombie Army 4: Dead War,PS4,https://www.pushsquare.comgames/ps4/zombie_army_4_dead_war
.detuned,PS3,https://www.pushsquare.comgames/ps3/detuned
2Xtreme,PS1,https://www.pushsquare.comgames/ps1/2xtreme
Air Conflicts: Pacific Carriers,PS4,https://www.pushsquare.comgames/ps4/air_conflicts_pacific_carriers
Air Conflicts: Secret Wars,PS3,https://www.pushsquare.comgames/ps3/air_conflicts_secret_wars
Air Conflicts: Vietnam,PS3,https://www.pushsquare.comgames/ps3/air_conflicts_vietnam
Alien Rage,PS3,https://www.pushsquare.comgames/ps3/alien_rage
Alien Spidy,PS3,https://www.pushsquare.comgames/ps3/alien_spidy
All Zombies Must Die,PS3,https://www.pushsquare.comgames/ps3/all_zombies_must_die
Alone in the Dark 2,PS1,https://www.pushsquare.comgames/ps1/alone_in_the_dark_2
Alone In The Dark: Inferno,PS3,https://www.pushsquare.comgames/ps3/alone_in_the_dark_inferno
Alone in the Dark: The New Nightmare,PS1,https://www.pushsquare.comgames/ps1/alone_in_the_dark_the_new_nightmare
Anarchy: Rush Hour,PS3,https://www.pushsquare.comgames/ps3/anarchy_rush_hour
Anna: Extended Edition,PS3,https://www.pushsquare.comgames/ps3/anna_extended_edition
Anomaly: Warzone Earth,PS3,https://www.pushsquare.comgames/ps3/anomaly_warzone_earth
Ape Academy 2,PSP,https://www.pushsquare.comgames/psp/ape_academy_2
Ape Escape,PS1,https://www.pushsquare.comgames/ps1/ape_escape
Ape Escape 2,PS2,https://www.pushsquare.comgames/ps2/ape_escape_2
Ape Escape Academy,PSP,https://www.pushsquare.comgames/psp/ape_escape_academy
Ape Escape: On the Loose,PSP,https://www.pushsquare.comgames/psp/ape_escape_on_the_loose
Aqua Panic!,PS3,https://www.pushsquare.comgames/ps3/aqua_panic
Ar Nosurge: Ode to an Unborn Star,PS3,https://www.pushsquare.comgames/ps3/ar_nosurge_ode_to_an_unborn_star
Arcade Paradise VR,PS5,https://www.pushsquare.comgames/ps5/arcade_paradise_vr
Arcana Heart 3: LOVE MAX!!!!!,PS3,https://www.pushsquare.comgames/ps3/arcana_heart_3_love_max
Armageddon Riders,PS3,https://www.pushsquare.comgames/ps3/armageddon_riders
Armored Core,PS1,https://www.pushsquare.comgames/ps1/armored_core
Armored Core: Master of Arena,PS1,https://www.pushsquare.comgames/ps1/armored_core_master_of_arena
Armored Core: Project Phantasma,PS1,https://www.pushsquare.comgames/ps1/armored_core_project_phantasma
Asura's Wrath,PS3,https://www.pushsquare.comgames/ps3/asuras_wrath
Atari Flashback Classics,PS4,https://www.pushsquare.comgames/ps4/atari_flashback_classics
Atelier Ayesha: The Alchemist of Dusk,PS3,https://www.pushsquare.comgames/ps3/atelier_ayesha_the_alchemist_of_dusk
Atelier Escha & Logy: Alchemists of the Dusk Sky,PS3,https://www.pushsquare.comgames/ps3/atelier_escha_and_logy_alchemists_of_the_dusk_sky
Atelier Rorona Plus: The Alchemist of Arland,PS3,https://www.pushsquare.comgames/ps3/atelier_rorona_plus_the_alchemist_of_arland
Atelier Shallie: Alchemists of the Dusk Sea,PS3,https://www.pushsquare.comgames/ps3/atelier_shallie_alchemists_of_the_dusk_sea
Bang Bang Racing,PS3,https://www.pushsquare.comgames/ps3/bang_bang_racing
Batman: Arkham Origins,PS3,https://www.pushsquare.comgames/ps3/batman_arkham_origins
Battle Fantasia,PS3,https://www.pushsquare.comgames/ps3/battle_fantasia
Battle of Tiles EX,PS3,https://www.pushsquare.comgames/ps3/battle_of_tiles_ex
Battle Princess of Arcadias,PS3,https://www.pushsquare.comgames/ps3/battle_princess_of_arcadias
Battle vs. Chess,PS3,https://www.pushsquare.comgames/ps3/battle_vs_chess
Before Your Eyes,PS5,https://www.pushsquare.comgames/ps5/before_your_eyes
Bellator: MMA Onslaught,PS3,https://www.pushsquare.comgames/ps3/bellator_mma_onslaught
Bentley's Hackpack,PS3,https://www.pushsquare.comgames/ps3/bentleys_hackpack
Beyond: Two Souls,PS4,https://www.pushsquare.comgames/ps4/beyond_two_souls
Big Sky Infinity,PS3,https://www.pushsquare.comgames/ps3/big_sky_infinity
Bionic Commando Rearmed,PS3,https://www.pushsquare.comgames/ps3/bionic_commando_rearmed
Bionic Commando Rearmed 2,PS3,https://www.pushsquare.comgames/ps3/bionic_commando_rearmed_2
BIT.TRIP Presents: Runner 2 - Future Legend of Rhythm Alien,PS3,https://www.pushsquare.comgames/ps3/bit_trip_presents_runner_2_-_future_legend_of_rhythm_alien
Black Knight Sword,PS3,https://www.pushsquare.comgames/ps3/black_knight_sword
Blade Dancer: Lineage of Light,PSP,https://www.pushsquare.comgames/psp/blade_dancer_lineage_of_light
Bladestorm: Nightmare,PS3,https://www.pushsquare.comgames/ps3/bladestorm_nightmare
Bladestorm: The Hundred Years' War,PS3,https://www.pushsquare.comgames/ps3/bladestorm_the_hundred_years_war
BlazBlue: Calamity Trigger,PS3,https://www.pushsquare.comgames/ps3/blazblue_calamity_trigger
BlazBlue: Continuum Shift,PS3,https://www.pushsquare.comgames/ps3/blazblue_continuum_shift
BlazBlue: Continuum Shift EXTEND,PS3,https://www.pushsquare.comgames/ps3/blazblue_continuum_shift_extend
Blood Knights,PS3,https://www.pushsquare.comgames/ps3/blood_knights
Blood Omen 2,PS2,https://www.pushsquare.comgames/ps2/blood_omen_2
Blood Omen: Legacy of Kain,PS1,https://www.pushsquare.comgames/ps1/blood_omen_legacy_of_kain
Bolt,PS3,https://www.pushsquare.comgames/ps3/bolt
Brink,PS3,https://www.pushsquare.comgames/ps3/brink
"Burn, Zombie, Burn!",PS3,https://www.pushsquare.comgames/ps3/burn_zombie_burn
Buzz Lightyear of Star Command,PS1,https://www.pushsquare.comgames/ps1/buzz_lightyear_of_star_command
Capcom Arcade Cabinet,PS3,https://www.pushsquare.comgames/ps3/capcom_arcade_cabinet
Cars 2: The Video Game,PS3,https://www.pushsquare.comgames/ps3/cars_2_the_video_game
Cars Mater-National,PS3,https://www.pushsquare.comgames/ps3/cars_mater-national
Cars Race-O-Rama,PS3,https://www.pushsquare.comgames/ps3/cars_race-o-rama
Castlevania: Lords of Shadow - Mirror of Fate HD,PS3,https://www.pushsquare.comgames/ps3/castlevania_lords_of_shadow_-_mirror_of_fate_hd
Castlevania: Lords of Shadow 2,PS3,https://www.pushsquare.comgames/ps3/castlevania_lords_of_shadow_2
Cel Damage HD,PS3,https://www.pushsquare.comgames/ps3/cel_damage_hd
Champion Jockey,PS3,https://www.pushsquare.comgames/ps3/champion_jockey
Chime Super Deluxe,PS3,https://www.pushsquare.comgames/ps3/chime_super_deluxe
Class of Heroes 2G,PS3,https://www.pushsquare.comgames/ps3/class_of_heroes_2g
Comet Crash,PS3,https://www.pushsquare.comgames/ps3/comet_crash
Cool Boarders,PS1,https://www.pushsquare.comgames/ps1/cool_boarders
Crash Commando,PS3,https://www.pushsquare.comgames/ps3/crash_commando
Critter Crunch,PS3,https://www.pushsquare.comgames/ps3/critter_crunch
Crysis Remastered,PS4,https://www.pushsquare.comgames/ps4/crysis_remastered
Cuboid,PS3,https://www.pushsquare.comgames/ps3/cuboid
Dark Cloud,PS2,https://www.pushsquare.comgames/ps2/dark_cloud
Dark Mist,PS3,https://www.pushsquare.comgames/ps3/dark_mist
Dark Sector,PS3,https://www.pushsquare.comgames/ps3/dark_sector
Dark Void,PS3,https://www.pushsquare.comgames/ps3/dark_void
Darkstalkers Resurrection,PS3,https://www.pushsquare.comgames/ps3/darkstalkers_resurrection
Daxter,PSP,https://www.pushsquare.comgames/psp/daxter
Dead Nation: Apocalypse Edition,PS4,https://www.pushsquare.comgames/ps4/dead_nation_apocalypse_edition
Deadliest Warrior: Legends,PS3,https://www.pushsquare.comgames/ps3/deadliest_warrior_legends
Deadliest Warrior: The Game,PS3,https://www.pushsquare.comgames/ps3/deadliest_warrior_the_game
Deadly Premonition: Director's Cut,PS3,https://www.pushsquare.comgames/ps3/deadly_premonition_directors_cut
Death Track: Resurrection,PS3,https://www.pushsquare.comgames/ps3/death_track_resurrection
Deception IV: Blood Ties,PS3,https://www.pushsquare.comgames/ps3/deception_iv_blood_ties
Deception IV: The Nightmare Princess,PS3,https://www.pushsquare.comgames/ps3/deception_iv_the_nightmare_princess
Derrick the Deathfin,PS3,https://www.pushsquare.comgames/ps3/derrick_the_deathfin
Devil May Cry 4,PS3,https://www.pushsquare.comgames/ps3/devil_may_cry_4
Devil May Cry HD Collection,PS3,https://www.pushsquare.comgames/ps3/devil_may_cry_hd_collection
Dino Crisis,PS1,https://www.pushsquare.comgames/ps1/dino_crisis
Disgaea 3: Absence of Justice,PS3,https://www.pushsquare.comgames/ps3/disgaea_3_absence_of_justice
Disgaea 4: A Promise Unforgotten,PS3,https://www.pushsquare.comgames/ps3/disgaea_4_a_promise_unforgotten
Disgaea D2: A Brighter Darkness,PS3,https://www.pushsquare.comgames/ps3/disgaea_d2_a_brighter_darkness
Dishonored: Definitive Edition,PS4,https://www.pushsquare.comgames/ps4/dishonored_definitive_edition
Disney Epic Mickey 2: The Power of Two,PS3,https://www.pushsquare.comgames/ps3/disney_epic_mickey_2_the_power_of_two
Disney Pixar's Brave,PS3,https://www.pushsquare.comgames/ps3/disney_pixars_brave
Disney Universe,PS3,https://www.pushsquare.comgames/ps3/disney_universe
Disney/Pixar Toy Story Mania!,PS3,https://www.pushsquare.comgames/ps3/disneypixar_toy_story_mania
Divekick,PS3,https://www.pushsquare.comgames/ps3/divekick
Doc Clock: The Toasted Sandwich of Time,PS3,https://www.pushsquare.comgames/ps3/doc_clock_the_toasted_sandwich_of_time
Dogfight 1942,PS3,https://www.pushsquare.comgames/ps3/dogfight_1942
DOOM (1993),PS4,https://www.pushsquare.comgames/ps4/doom_1993
DOOM 2,PS4,https://www.pushsquare.comgames/ps4/doom_2
DOOM 3,PS4,https://www.pushsquare.comgames/ps4/doom_3
DOOM 64,PS4,https://www.pushsquare.comgames/ps4/doom_64
Double Dragon: Neon,PS3,https://www.pushsquare.comgames/ps3/double_dragon_neon
Dragon Fin Soup,PS3,https://www.pushsquare.comgames/ps3/dragon_fin_soup
Dragon's Crown Pro,PS4,https://www.pushsquare.comgames/ps4/dragons_crown_pro
Dragon's Lair,PS3,https://www.pushsquare.comgames/ps3/dragons_lair
Dragon's Lair II: Time Warp,PS3,https://www.pushsquare.comgames/ps3/dragons_lair_ii_time_warp
Dropship: United Peace Force,PS2,https://www.pushsquare.comgames/ps2/dropship_united_peace_force
Duke Nukem Forever,PS3,https://www.pushsquare.comgames/ps3/duke_nukem_forever
Dynasty Warriors 6,PS3,https://www.pushsquare.comgames/ps3/dynasty_warriors_6
Dynasty Warriors 6 Empires,PS3,https://www.pushsquare.comgames/ps3/dynasty_warriors_6_empires
Dynasty Warriors 7,PS3,https://www.pushsquare.comgames/ps3/dynasty_warriors_7
Dynasty Warriors 7: Empires,PS3,https://www.pushsquare.comgames/ps3/dynasty_warriors_7_empires
Dynasty Warriors 7: Xtreme Legends,PS3,https://www.pushsquare.comgames/ps3/dynasty_warriors_7_xtreme_legends
Dynasty Warriors 8,PS3,https://www.pushsquare.comgames/ps3/dynasty_warriors_8
Dynasty Warriors 8: Xtreme Legends,PS3,https://www.pushsquare.comgames/ps3/dynasty_warriors_8_xtreme_legends
Dynasty Warriors: Strikeforce,PS3,https://www.pushsquare.comgames/ps3/dynasty_warriors_strikeforce
Earth Defense Force 2025,PS3,https://www.pushsquare.comgames/ps3/earth_defense_force_2025
Earth Defense Force: Insect Armageddon,PS3,https://www.pushsquare.comgames/ps3/earth_defense_force_insect_armageddon
Eat Lead: The Return of Matt Hazard,PS3,https://www.pushsquare.comgames/ps3/eat_lead_the_return_of_matt_hazard
Eat Them!,PS3,https://www.pushsquare.comgames/ps3/eat_them
echochrome,"PS3, PSP",https://www.pushsquare.comgames/psp/echochrome
Echoshift,PSP,https://www.pushsquare.comgames/psp/echoshift
Elefunk,PS3,https://www.pushsquare.comgames/ps3/elefunk
Enemy Front,PS3,https://www.pushsquare.comgames/ps3/enemy_front
Enslaved: Odyssey to the West,PS3,https://www.pushsquare.comgames/ps3/enslaved_odyssey_to_the_west
Escape Dead Island,PS3,https://www.pushsquare.comgames/ps3/escape_dead_island
Ethan: Meteor Hunter,PS3,https://www.pushsquare.comgames/ps3/ethan_meteor_hunter
Eufloria,PS3,https://www.pushsquare.comgames/ps3/eufloria
Everybody's Golf 2,PS1,https://www.pushsquare.comgames/ps1/everybodys_golf_2
Everybody's Golf: World Tour,PS3,https://www.pushsquare.comgames/ps3/everybodys_golf_world_tour
Everyday Shooter,PS3,https://www.pushsquare.comgames/ps3/everyday_shooter
F.E.A.R.,PS3,https://www.pushsquare.comgames/ps3/f_e_a_r
Faery: Legends Of Avalon,PS3,https://www.pushsquare.comgames/ps3/faery_legends_of_avalon
Fallout 3,PS3,https://www.pushsquare.comgames/ps3/fallout_3
Fallout: New Vegas,PS3,https://www.pushsquare.comgames/ps3/fallout_new_vegas
FantaVision,PS2,https://www.pushsquare.comgames/ps2/fantavision
Final Exam,PS3,https://www.pushsquare.comgames/ps3/final_exam
Final Fight: Double Impact,PS3,https://www.pushsquare.comgames/ps3/final_fight_double_impact
Frogger Returns,PS3,https://www.pushsquare.comgames/ps3/frogger_returns
Fuel Overdose,PS3,https://www.pushsquare.comgames/ps3/fuel_overdose
G-Force,PS3,https://www.pushsquare.comgames/ps3/g-force
G-Police,PS1,https://www.pushsquare.comgames/ps1/g-police
Genji: Days of the Blade,PS3,https://www.pushsquare.comgames/ps3/genji_days_of_the_blade
Ghostbusters: Rise of the Ghost Lord,PS5,https://www.pushsquare.comgames/ps5/ghostbusters_rise_of_the_ghost_lord
Ghosthunter,PS2,https://www.pushsquare.comgames/ps2/ghosthunter
Go! Sports Ski,PS3,https://www.pushsquare.comgames/ps3/go_sports_ski
God Eater Burst,PSP,https://www.pushsquare.comgames/psp/god_eater_burst
God of War Collection,PS3,https://www.pushsquare.comgames/ps3/god_of_war_collection
God of War III Remastered,PS4,https://www.pushsquare.comgames/ps4/god_of_war_iii_remastered
God of War: Ascension,PS3,https://www.pushsquare.comgames/ps3/god_of_war_ascension
Grandia,PS1,https://www.pushsquare.comgames/ps1/grandia
Gravity Crash Portable,PSP,https://www.pushsquare.comgames/psp/gravity_crash_portable
Gravity Rush Remastered,PS4,https://www.pushsquare.comgames/ps4/gravity_rush_remastered
Greg Hastings Paintball 2,PS3,https://www.pushsquare.comgames/ps3/greg_hastings_paintball_2
Guilty Gear Xrd -REVELATOR-,PS4,https://www.pushsquare.comgames/ps4/guilty_gear_xrd_-revelator-
Hakuoki: Stories of the Shinsengumi,PS3,https://www.pushsquare.comgames/ps3/hakuoki_stories_of_the_shinsengumi
Hamilton's Great Adventure,PS3,https://www.pushsquare.comgames/ps3/hamiltons_great_adventure
Hamsterball,PS3,https://www.pushsquare.comgames/ps3/hamsterball
Harvest Moon: Back To Nature,PS1,https://www.pushsquare.comgames/ps1/harvest_moon_back_to_nature
Heavenly Sword,PS3,https://www.pushsquare.comgames/ps3/heavenly_sword
Heavy Fire: Afghanistan,PS3,https://www.pushsquare.comgames/ps3/heavy_fire_afghanistan
Heavy Fire: Shattered Spear,PS3,https://www.pushsquare.comgames/ps3/heavy_fire_shattered_spear
Heavy Rain,PS4,https://www.pushsquare.comgames/ps4/heavy_rain
Herc's Adventures,PS1,https://www.pushsquare.comgames/ps1/hercs_adventures
High Stakes on the Vegas Strip: Poker Edition,PS3,https://www.pushsquare.comgames/ps3/high_stakes_on_the_vegas_strip_poker_edition
HOARD,PS3,https://www.pushsquare.comgames/ps3/hoard
Hot Shots Golf,PS1,https://www.pushsquare.comgames/ps1/hot_shots_golf
Hot Shots Golf: World Invitational,PS3,https://www.pushsquare.comgames/ps3/hot_shots_golf_world_invitational
Hot Shots Tennis,PS2,https://www.pushsquare.comgames/ps2/hot_shots_tennis
Hotline Miami,"PS3, PS4",https://www.pushsquare.comgames/ps4/hotline_miami
Hunted: The Demon's Forge,PS3,https://www.pushsquare.comgames/ps3/hunted_the_demons_forge
Hustle Kings,PS3,https://www.pushsquare.comgames/ps3/hustle_kings
I.Q. Final,PS1,https://www.pushsquare.comgames/ps1/i_q_final
Ibb and Obb,PS3,https://www.pushsquare.comgames/ps3/ibb_and_obb
ICO Classics HD,PS3,https://www.pushsquare.comgames/ps3/ico_classics_hd
Indiana Jones and the Staff of Kings,PS2,https://www.pushsquare.comgames/ps2/indiana_jones_and_the_staff_of_kings
inFAMOUS,PS3,https://www.pushsquare.comgames/ps3/infamous
inFAMOUS 2,PS3,https://www.pushsquare.comgames/ps3/infamous_2
inFAMOUS: Festival of Blood,PS3,https://www.pushsquare.comgames/ps3/infamous_festival_of_blood
Injustice: Gods Among Us Ultimate Edition,PS3,https://www.pushsquare.comgames/ps3/injustice_gods_among_us_ultimate_edition
Intelligent Qube,PS1,https://www.pushsquare.comgames/ps1/intelligent_qube
Interpol: The Trail of Dr. Chaos,PS3,https://www.pushsquare.comgames/ps3/interpol_the_trail_of_dr_chaos
Invizimals: The Lost Kingdom,PS3,https://www.pushsquare.comgames/ps3/invizimals_the_lost_kingdom
Jak & Daxter: The Lost Frontier,PSP,https://www.pushsquare.comgames/psp/jak_and_daxter_the_lost_frontier
Jak & Daxter: The Precursor Legacy,PS2,https://www.pushsquare.comgames/ps2/jak_and_daxter_the_precursor_legacy
Jak 3,PS2,https://www.pushsquare.comgames/ps2/jak_3
Jak II,PS2,https://www.pushsquare.comgames/ps2/jak_ii
Jak X: Combat Racing,PS2,https://www.pushsquare.comgames/ps2/jak_x_combat_racing
Jeanne d'Arc,PSP,https://www.pushsquare.comgames/psp/jeanne_darc
Jet Moto,PS1,https://www.pushsquare.comgames/ps1/jet_moto
Jet Moto 2,PS1,https://www.pushsquare.comgames/ps1/jet_moto_2
Jetpack Joyride,PS3,https://www.pushsquare.comgames/ps3/jetpack_joyride
Jimmy Johnson's Anything with an Engine,PS3,https://www.pushsquare.comgames/ps3/jimmy_johnsons_anything_with_an_engine
Job Simulator,PS5,https://www.pushsquare.comgames/ps5/job_simulator
Joe Danger 2: The Movie,PS3,https://www.pushsquare.comgames/ps3/joe_danger_2_the_movie
Judge Dee: The City God Case,PS3,https://www.pushsquare.comgames/ps3/judge_dee_the_city_god_case
Jumping Flash!,PS1,https://www.pushsquare.comgames/ps1/jumping_flash
Karateka,PS3,https://www.pushsquare.comgames/ps3/karateka
Kayak VR: Mirage,PS5,https://www.pushsquare.comgames/ps5/kayak_vr_mirage
Killzone: Liberation,PSP,https://www.pushsquare.comgames/psp/killzone_liberation
Kinetica,PS2,https://www.pushsquare.comgames/ps2/kinetica
Kingdom of Paradise,PSP,https://www.pushsquare.comgames/psp/kingdom_of_paradise
Knytt Underground,PS3,https://www.pushsquare.comgames/ps3/knytt_underground
Kung Fu Rabbit,PS3,https://www.pushsquare.comgames/ps3/kung_fu_rabbit
Lead & Gold: Gangs of the Wild West,PS3,https://www.pushsquare.comgames/ps3/lead_and_gold_gangs_of_the_wild_west
Learning with the PooYoos: Episode 1,PS3,https://www.pushsquare.comgames/ps3/learning_with_the_pooyoos_episode_1
Legasista,PS3,https://www.pushsquare.comgames/ps3/legasista
LEGO Batman 2: DC Super Heroes,PS3,https://www.pushsquare.comgames/ps3/lego_batman_2_dc_super_heroes
LEGO Batman: The Videogame,PS3,https://www.pushsquare.comgames/ps3/lego_batman_the_videogame
LEGO Indiana Jones 2: The Adventure Continues,PS3,https://www.pushsquare.comgames/ps3/lego_indiana_jones_2_the_adventure_continues
LEGO Indiana Jones: The Original Adventures,PS3,https://www.pushsquare.comgames/ps3/lego_indiana_jones_the_original_adventures
LEGO Star Wars II: The Original Trilogy,PSP,https://www.pushsquare.comgames/psp/lego_star_wars_ii_the_original_trilogy
LEGO Star Wars III: The Clone Wars,PS3,https://www.pushsquare.comgames/ps3/lego_star_wars_iii_the_clone_wars
LEGO Star Wars: The Complete Saga,PS3,https://www.pushsquare.comgames/ps3/lego_star_wars_the_complete_saga
LEGO: Pirates of the Caribbean,PS3,https://www.pushsquare.comgames/ps3/lego_pirates_of_the_caribbean
Linger in Shadows,PS3,https://www.pushsquare.comgames/ps3/linger_in_shadows
Lock's Quest,PS4,https://www.pushsquare.comgames/ps4/locks_quest
LocoRoco 2 Remastered,PS4,https://www.pushsquare.comgames/ps4/locoroco_2_remastered
LocoRoco Cocoreccho!,PS3,https://www.pushsquare.comgames/ps3/locoroco_cocoreccho
LocoRoco Remastered,PS4,https://www.pushsquare.comgames/ps4/locoroco_remastered
LocoRoco: Midnight Carnival,PSP,https://www.pushsquare.comgames/psp/locoroco_midnight_carnival
Lost Planet 2,PS3,https://www.pushsquare.comgames/ps3/lost_planet_2
Lost Planet 3,PS3,https://www.pushsquare.comgames/ps3/lost_planet_3
Lost Planet: Extreme Condition,PS3,https://www.pushsquare.comgames/ps3/lost_planet_extreme_condition
Lumines Remastered,PS4,https://www.pushsquare.comgames/ps4/lumines_remastered
Magic Orbz,PS3,https://www.pushsquare.comgames/ps3/magic_orbz
Magus,PS3,https://www.pushsquare.comgames/ps3/magus
Mahjong Tales: Ancient Wisdom,PS3,https://www.pushsquare.comgames/ps3/mahjong_tales_ancient_wisdom
Mamorukun Curse!,PS3,https://www.pushsquare.comgames/ps3/mamorukun_curse
Mars: War Logs,PS3,https://www.pushsquare.comgames/ps3/mars_war_logs
Matt Hazard: Blood Bath & Beyond,PS3,https://www.pushsquare.comgames/ps3/matt_hazard_blood_bath_and_beyond
MediEvil 2,PS1,https://www.pushsquare.comgames/ps1/medievil_2
MediEvil: Resurrection,PSP,https://www.pushsquare.comgames/psp/medievil_resurrection
Mega Man 10,PS3,https://www.pushsquare.comgames/ps3/mega_man_10
Mega Man 9,PS3,https://www.pushsquare.comgames/ps3/mega_man_9
Mister Mosquito,PS2,https://www.pushsquare.comgames/ps2/mister_mosquito
Monkey Island 2: LeChuck's Revenge: Special Edition,PS3,https://www.pushsquare.comgames/ps3/monkey_island_2_lechucks_revenge_special_edition
MotorStorm Apocalypse,PS3,https://www.pushsquare.comgames/ps3/motorstorm_apocalypse
MotorStorm RC,PS3,https://www.pushsquare.comgames/ps3/motorstorm_rc
Mount & Blade: Warband,PS4,https://www.pushsquare.comgames/ps4/mount_and_blade_warband
Mr. Driller,PS1,https://www.pushsquare.comgames/ps1/mr_driller
MX vs. ATV Alive,PS3,https://www.pushsquare.comgames/ps3/mx_vs_atv_alive
MX vs. ATV Reflex,PS3,https://www.pushsquare.comgames/ps3/mx_vs_atv_reflex
MX vs. ATV: Untamed,PS3,https://www.pushsquare.comgames/ps3/mx_vs_atv_untamed
Narco Terror,PS3,https://www.pushsquare.comgames/ps3/narco_terror
Ninja Gaiden 3: Razor's Edge,PS3,https://www.pushsquare.comgames/ps3/ninja_gaiden_3_razors_edge
Ninja Gaiden Sigma,PS3,https://www.pushsquare.comgames/ps3/ninja_gaiden_sigma
Ninja Gaiden Sigma 2,PS3,https://www.pushsquare.comgames/ps3/ninja_gaiden_sigma_2
No Heroes Allowed,PSP,https://www.pushsquare.comgames/psp/no_heroes_allowed
Nobunaga's Ambition: Sphere of Influence,PS3,https://www.pushsquare.comgames/ps3/nobunagas_ambition_sphere_of_influence
Numblast,PS3,https://www.pushsquare.comgames/ps3/numblast
Oddworld: Abe's Exoddus,PS1,https://www.pushsquare.comgames/ps1/oddworld_abes_exoddus
Oddworld: Abe's Oddysee,PS1,https://www.pushsquare.comgames/ps1/oddworld_abes_oddysee
Okabu,PS3,https://www.pushsquare.comgames/ps3/okabu
Okage: Shadow King,PS2,https://www.pushsquare.comgames/ps2/okage_shadow_king
Order Up!!,PS3,https://www.pushsquare.comgames/ps3/order_up
Outcast: Second Contact,PS4,https://www.pushsquare.comgames/ps4/outcast_second_contact
Papo & Yo,PS3,https://www.pushsquare.comgames/ps3/papo_and_yo
PaRappa the Rapper 2,PS2,https://www.pushsquare.comgames/ps2/parappa_the_rapper_2
Patapon 2 Remastered,PS4,https://www.pushsquare.comgames/ps4/patapon_2_remastered
Patapon 3,PSP,https://www.pushsquare.comgames/psp/patapon_3
Patapon Remastered,PS4,https://www.pushsquare.comgames/ps4/patapon_remastered
Penny Arcade Adventures: On the Rain-Slick Precipice of Darkness Episode One,PS3,https://www.pushsquare.comgames/ps3/penny_arcade_adventures_on_the_rain-slick_precipice_of_darkness_episode_one
Penny Arcade Adventures: On the Rain-Slick Precipice of Darkness Episode Two,PS3,https://www.pushsquare.comgames/ps3/penny_arcade_adventures_on_the_rain-slick_precipice_of_darkness_episode_two
Phineas and Ferb: Across the Second Dimension,PS3,https://www.pushsquare.comgames/ps3/phineas_and_ferb_across_the_second_dimension
Pid,PS3,https://www.pushsquare.comgames/ps3/pid
Pinball Heroes,PSP,https://www.pushsquare.comgames/psp/pinball_heroes
Pirates of the Caribbean: At World's End,PS3,https://www.pushsquare.comgames/ps3/pirates_of_the_caribbean_at_worlds_end
Pistol Whip,PS5,https://www.pushsquare.comgames/ps5/pistol_whip
PixelJunk Eden,PS3,https://www.pushsquare.comgames/ps3/pixeljunk_eden
PixelJunk Monsters,PS3,https://www.pushsquare.comgames/ps3/pixeljunk_monsters
PixelJunk Racers: 2nd Lap,PS3,https://www.pushsquare.comgames/ps3/pixeljunk_racers_2nd_lap
Piyotama,PS3,https://www.pushsquare.comgames/ps3/piyotama
Planet Minigolf,PS3,https://www.pushsquare.comgames/ps3/planet_minigolf
Planets Under Attack,PS3,https://www.pushsquare.comgames/ps3/planets_under_attack
Pool Nation,PS3,https://www.pushsquare.comgames/ps3/pool_nation
Port Royale 3: Pirates & Merchants Gold Edition,PS3,https://www.pushsquare.comgames/ps3/port_royale_3_pirates_and_merchants_gold_edition
Primal,PS2,https://www.pushsquare.comgames/ps2/primal
Proteus,PS3,https://www.pushsquare.comgames/ps3/proteus
Puppeteer,PS3,https://www.pushsquare.comgames/ps3/puppeteer
Pursuit Force,PSP,https://www.pushsquare.comgames/psp/pursuit_force
Pursuit Force: Extreme Justice,PSP,https://www.pushsquare.comgames/psp/pursuit_force_extreme_justice
Puzzle Agent,PS3,https://www.pushsquare.comgames/ps3/puzzle_agent
Quantum Theory,PS3,https://www.pushsquare.comgames/ps3/quantum_theory
R-Type Dimensions,PS3,https://www.pushsquare.comgames/ps3/r-type_dimensions
R-Type Dimensions EX,PS4,https://www.pushsquare.comgames/ps4/r-type_dimensions_ex
Rag Doll Kung Fu: Fists Of Plastic,PS3,https://www.pushsquare.comgames/ps3/rag_doll_kung_fu_fists_of_plastic
RAGE,PS3,https://www.pushsquare.comgames/ps3/rage
Ragnarok Odyssey Ace,PS3,https://www.pushsquare.comgames/ps3/ragnarok_odyssey_ace
Raiden IV: OverKill,PS3,https://www.pushsquare.comgames/ps3/raiden_iv_overkill
Rain,PS3,https://www.pushsquare.comgames/ps3/rain
Rally Cross,PS1,https://www.pushsquare.comgames/ps1/rally_cross
Ratatouille,PS3,https://www.pushsquare.comgames/ps3/ratatouille
Ratchet & Clank Collection,PS3,https://www.pushsquare.comgames/ps3/ratchet_and_clank_collection
Ratchet & Clank: A Crack in Time,PS3,https://www.pushsquare.comgames/ps3/ratchet_and_clank_a_crack_in_time
Ratchet & Clank: All 4 One,PS3,https://www.pushsquare.comgames/ps3/ratchet_and_clank_all_4_one
Ratchet & Clank: Deadlocked,PS3,https://www.pushsquare.comgames/ps3/ratchet_and_clank_deadlocked
Ratchet & Clank: Full Frontal Assault,PS3,https://www.pushsquare.comgames/ps3/ratchet_and_clank_full_frontal_assault
Ratchet & Clank: Into the Nexus,PS3,https://www.pushsquare.comgames/ps3/ratchet_and_clank_into_the_nexus
Ratchet & Clank: Quest for Booty,PS3,https://www.pushsquare.comgames/ps3/ratchet_and_clank_quest_for_booty
Ratchet & Clank: Size Matters,PSP,https://www.pushsquare.comgames/psp/ratchet_and_clank_size_matters
Ratchet & Clank: Tools of Destruction,PS3,https://www.pushsquare.comgames/ps3/ratchet_and_clank_tools_of_destruction
Realms of Ancient War,PS3,https://www.pushsquare.comgames/ps3/realms_of_ancient_war
Record of Agarest War,PS3,https://www.pushsquare.comgames/ps3/record_of_agarest_war
Record of Agarest War 2,PS3,https://www.pushsquare.comgames/ps3/record_of_agarest_war_2
Record of Agarest War Zero,PS3,https://www.pushsquare.comgames/ps3/record_of_agarest_war_zero
Red Faction: Battlegrounds,PS3,https://www.pushsquare.comgames/ps3/red_faction_battlegrounds
Red Faction: Guerrilla Re-Mars-tered,PS4,https://www.pushsquare.comgames/ps4/red_faction_guerrilla_re-mars-tered
Red Johnson's Chronicles,PS3,https://www.pushsquare.comgames/ps3/red_johnsons_chronicles
Red Johnson's Chronicles - One Against All,PS3,https://www.pushsquare.comgames/ps3/red_johnsons_chronicles_-_one_against_all
Resident Evil 4 HD,PS3,https://www.pushsquare.comgames/ps3/resident_evil_4_hd
Resident Evil 5: Gold Edition,PS3,https://www.pushsquare.comgames/ps3/resident_evil_5_gold_edition
Resident Evil 6,PS3,https://www.pushsquare.comgames/ps3/resident_evil_6
Resident Evil Code: Veronica X,PS3,https://www.pushsquare.comgames/ps3/resident_evil_code_veronica_x
Resident Evil: Director's Cut,PS1,https://www.pushsquare.comgames/ps1/resident_evil_directors_cut
Resident Evil: Operation Raccoon City,PS3,https://www.pushsquare.comgames/ps3/resident_evil_operation_raccoon_city
Resident Evil: Revelations,PS3,https://www.pushsquare.comgames/ps3/resident_evil_revelations
Resident Evil: Revelations 2,PS3,https://www.pushsquare.comgames/ps3/resident_evil_revelations_2
Resident Evil: The Darkside Chronicles,PS3,https://www.pushsquare.comgames/ps3/resident_evil_the_darkside_chronicles
Resident Evil: The Umbrella Chronicles,PS3,https://www.pushsquare.comgames/ps3/resident_evil_the_umbrella_chronicles
Resistance 2,PS3,https://www.pushsquare.comgames/ps3/resistance_2
Resistance 3,PS3,https://www.pushsquare.comgames/ps3/resistance_3
Resistance Retribution,PSP,https://www.pushsquare.comgames/psp/resistance_retribution
Resistance: Fall of Man,PS3,https://www.pushsquare.comgames/ps3/resistance_fall_of_man
Retro City Rampage,PS3,https://www.pushsquare.comgames/ps3/retro_city_rampage
Retro/Grade,PS3,https://www.pushsquare.comgames/ps3/retrograde
Ricochet HD,PS3,https://www.pushsquare.comgames/ps3/ricochet_hd
Ridge Racer 2,PSP,https://www.pushsquare.comgames/psp/ridge_racer_2
Ridge Racer Type 4,PS1,https://www.pushsquare.comgames/ps1/ridge_racer_type_4
Rise of the Kasai,PS2,https://www.pushsquare.comgames/ps2/rise_of_the_kasai
Rocket Knight,PS3,https://www.pushsquare.comgames/ps3/rocket_knight
Rocketbirds: Hardboiled Chicken,PS3,https://www.pushsquare.comgames/ps3/rocketbirds_hardboiled_chicken
Rogue Galaxy,PS2,https://www.pushsquare.comgames/ps2/rogue_galaxy
Rogue Warrior,PS3,https://www.pushsquare.comgames/ps3/rogue_warrior
Rotastic,PS3,https://www.pushsquare.comgames/ps3/rotastic
Sacred 3,PS3,https://www.pushsquare.comgames/ps3/sacred_3
Sacred Citadel,PS3,https://www.pushsquare.comgames/ps3/sacred_citadel
Saints Row 2,PS3,https://www.pushsquare.comgames/ps3/saints_row_2
Sam & Max Beyond Time and Space,PS3,https://www.pushsquare.comgames/ps3/sam_and_max_beyond_time_and_space
Sam & Max: The Devil's Playhouse,PS3,https://www.pushsquare.comgames/ps3/sam_and_max_the_devils_playhouse
Samurai Warriors 4,PS3,https://www.pushsquare.comgames/ps3/samurai_warriors_4
Sanctum 2,PS3,https://www.pushsquare.comgames/ps3/sanctum_2
Savage Moon,PS3,https://www.pushsquare.comgames/ps3/savage_moon
Secret Agent Clank,PSP,https://www.pushsquare.comgames/psp/secret_agent_clank
Serious Sam Collection,PS4,https://www.pushsquare.comgames/ps4/serious_sam_collection
Shatter,PS3,https://www.pushsquare.comgames/ps3/shatter
Sid Meier's Civilization Revolution,PS3,https://www.pushsquare.comgames/ps3/sid_meiers_civilization_revolution
Siren,PS2,https://www.pushsquare.comgames/ps2/siren
Siren: Blood Curse,PS3,https://www.pushsquare.comgames/ps3/siren_blood_curse
Skullgirls Encore,PS3,https://www.pushsquare.comgames/ps3/skullgirls_encore
Sky Fighter,PS3,https://www.pushsquare.comgames/ps3/sky_fighter
Sky Gunner,PS2,https://www.pushsquare.comgames/ps2/sky_gunner
Skydive: Proximity Flight,PS3,https://www.pushsquare.comgames/ps3/skydive_proximity_flight
SkyDrift,PS3,https://www.pushsquare.comgames/ps3/skydrift
Slender: The Arrival,PS3,https://www.pushsquare.comgames/ps3/slender_the_arrival
Sly 2: Band of Thieves,PS2,https://www.pushsquare.comgames/ps2/sly_2_band_of_thieves
Sly 3: Honor Among Thieves,PS2,https://www.pushsquare.comgames/ps2/sly_3_honor_among_thieves
Sly Cooper and the Thievius Raccoonus,PS2,https://www.pushsquare.comgames/ps2/sly_cooper_and_the_thievius_raccoonus
Sly Cooper: Thieves in Time,PS3,https://www.pushsquare.comgames/ps3/sly_cooper_thieves_in_time
Smash Cars,PS3,https://www.pushsquare.comgames/ps3/smash_cars
Snakeball,PS3,https://www.pushsquare.comgames/ps3/snakeball
Sniper Elite V2,PS3,https://www.pushsquare.comgames/ps3/sniper_elite_v2
Söldner-X 2: Final Prototype,PS3,https://www.pushsquare.comgames/ps3/soldner-x_2_final_prototype
Söldner-X: Himmelsstürmer,PS3,https://www.pushsquare.comgames/ps3/soldner-x_himmelssturmer
SoulCalibur: Broken Destiny,PSP,https://www.pushsquare.comgames/psp/soulcalibur_broken_destiny
Space Ace,PS3,https://www.pushsquare.comgames/ps3/space_ace
Spelunker HD,PS3,https://www.pushsquare.comgames/ps3/spelunker_hd
Star Raiders,PS3,https://www.pushsquare.comgames/ps3/star_raiders
Star Wars Episode I: The Phantom Menace,PS1,https://www.pushsquare.comgames/ps1/star_wars_episode_i_the_phantom_menace
Star Wars: Bounty Hunter,PS2,https://www.pushsquare.comgames/ps2/star_wars_bounty_hunter
Star Wars: Demolition,PS1,https://www.pushsquare.comgames/ps1/star_wars_demolition
Star Wars: Jedi Starfighter,PS2,https://www.pushsquare.comgames/ps2/star_wars_jedi_starfighter
Star Wars: Racer Revenge,PS2,https://www.pushsquare.comgames/ps2/star_wars_racer_revenge
Star Wars: Rebel Assault II: The Hidden Empire,PS1,https://www.pushsquare.comgames/ps1/star_wars_rebel_assault_ii_the_hidden_empire
Star Wars: Tales from the Galaxy's Edge - Enhanced Edition,PS5,https://www.pushsquare.comgames/ps5/star_wars_tales_from_the_galaxys_edge_-_enhanced_edition
Star Wars: The Clone Wars,PS2,https://www.pushsquare.comgames/ps2/star_wars_the_clone_wars
Star Wars: The Force Unleashed,PS3,https://www.pushsquare.comgames/ps3/star_wars_the_force_unleashed
Star Wars: The Force Unleashed II,PS3,https://www.pushsquare.comgames/ps3/star_wars_the_force_unleashed_ii
StarDrone,PS3,https://www.pushsquare.comgames/ps3/stardrone
Starwhal,PS3,https://www.pushsquare.comgames/ps3/starwhal
Strider,PS4,https://www.pushsquare.comgames/ps4/strider
Strong Bad's Cool Game for Attractive People,PS3,https://www.pushsquare.comgames/ps3/strong_bads_cool_game_for_attractive_people
Summoner,PS2,https://www.pushsquare.comgames/ps2/summoner
Super Puzzle Fighter II Turbo HD Remix,PS3,https://www.pushsquare.comgames/ps3/super_puzzle_fighter_ii_turbo_hd_remix
Super Star Wars,PS4,https://www.pushsquare.comgames/ps4/super_star_wars
Super Stardust Portable,PSP,https://www.pushsquare.comgames/psp/super_stardust_portable
Sword Art Online: Lost Song,PS4,https://www.pushsquare.comgames/ps4/sword_art_online_lost_song
Synapse,PS5,https://www.pushsquare.comgames/ps5/synapse
Synth Riders,PS5,https://www.pushsquare.comgames/ps5/synth_riders
Syphon Filter,PS1,https://www.pushsquare.comgames/ps1/syphon_filter
Syphon Filter 2,PS1,https://www.pushsquare.comgames/ps1/syphon_filter_2
Syphon Filter 3,PS1,https://www.pushsquare.comgames/ps1/syphon_filter_3
Syphon Filter: Dark Mirror,PSP,https://www.pushsquare.comgames/psp/syphon_filter_dark_mirror
Syphon Filter: Logan's Shadow,PSP,https://www.pushsquare.comgames/psp/syphon_filter_logans_shadow
Tales From Space: About A Blob,PS3,https://www.pushsquare.comgames/ps3/tales_from_space_about_a_blob
Tales From Space: Mutant Blobs Attack,PS3,https://www.pushsquare.comgames/ps3/tales_from_space_mutant_blobs_attack
Tekken 2,PS1,https://www.pushsquare.comgames/ps1/tekken_2
Tekken 6,PSP,https://www.pushsquare.comgames/psp/tekken_6
The Awakened Fate Ultimatum,PS3,https://www.pushsquare.comgames/ps3/awakened_fate_ultimatum
The Darkness,PS3,https://www.pushsquare.comgames/ps3/darkness
The Darkness II,PS3,https://www.pushsquare.comgames/ps3/darkness_ii
The Elder Scrolls IV: Oblivion,PS3,https://www.pushsquare.comgames/ps3/elder_scrolls_iv_oblivion
The Guided Fate Paradox,PS3,https://www.pushsquare.comgames/ps3/guided_fate_paradox
The Last Clockwinder,PS5,https://www.pushsquare.comgames/ps5/last_clockwinder
The Last Guy,PS3,https://www.pushsquare.comgames/ps3/last_guy
The Last of Us Remastered,PS4,https://www.pushsquare.comgames/ps4/last_of_us_remastered
The Last of Us: Left Behind,PS4,https://www.pushsquare.comgames/ps4/last_of_us_left_behind
The Legend of Dragoon,PS1,https://www.pushsquare.comgames/ps1/legend_of_dragoon
The Mark of Kri,PS2,https://www.pushsquare.comgames/ps2/mark_of_kri
The Raven Remastered,PS4,https://www.pushsquare.comgames/ps4/raven_remastered
The Secret of Monkey Island: Special Edition,PS3,https://www.pushsquare.comgames/ps3/secret_of_monkey_island_special_edition
The Sly Collection,PS3,https://www.pushsquare.comgames/ps3/sly_collection
The Undergarden,PS3,https://www.pushsquare.comgames/ps3/undergarden
The Walking Dead: Saints & Sinners - Chapter 2: Retribution,PS5,https://www.pushsquare.comgames/ps5/walking_dead_saints_and_sinners_-_chapter_2_retribution
The Walking Dead: Saints & Sinners - Tourist Edition,PS5,https://www.pushsquare.comgames/ps5/walking_dead_saints_and_sinners_-_tourist_edition
Thrillville,PSP,https://www.pushsquare.comgames/psp/thrillville
Thrillville: Off the Rails,PSP,https://www.pushsquare.comgames/psp/thrillville_off_the_rails
Thunder Wolves,PS3,https://www.pushsquare.comgames/ps3/thunder_wolves
TimeSplitters,PS2,https://www.pushsquare.comgames/ps2/timesplitters
TimeSplitters 2,PS2,https://www.pushsquare.comgames/ps2/timesplitters_2
TimeSplitters: Future Perfect,PS2,https://www.pushsquare.comgames/ps2/timesplitters_future_perfect
Tokyo Jungle,PS3,https://www.pushsquare.comgames/ps3/tokyo_jungle
Tokyo Twilight Ghost Hunters,PS3,https://www.pushsquare.comgames/ps3/tokyo_twilight_ghost_hunters
Tomb Raider: Legend,PS2,https://www.pushsquare.comgames/ps2/tomb_raider_legend
Toy Home,PS3,https://www.pushsquare.comgames/ps3/toy_home
Toy Story 2: Buzz Lightyear to the Rescue,PS1,https://www.pushsquare.comgames/ps1/toy_story_2_buzz_lightyear_to_the_rescue
Toy Story 3,PSP,https://www.pushsquare.comgames/psp/toy_story_3
Trash Panic,PS3,https://www.pushsquare.comgames/ps3/trash_panic
Trinity: Souls of Zill O'll,PS3,https://www.pushsquare.comgames/ps3/trinity_souls_of_zill_oll
Tron Evolution,PS3,https://www.pushsquare.comgames/ps3/tron_evolution
Truck Racer,PS3,https://www.pushsquare.comgames/ps3/truck_racer
Twisted Metal,PS1,https://www.pushsquare.comgames/ps1/twisted_metal
Twisted Metal 2,PS1,https://www.pushsquare.comgames/ps1/twisted_metal_2
Uncharted: The Nathan Drake Collection,PS4,https://www.pushsquare.comgames/ps4/uncharted_the_nathan_drake_collection
Up,PSP,https://www.pushsquare.comgames/psp/up
Urban Trial Freestyle,PS3,https://www.pushsquare.comgames/ps3/urban_trial_freestyle
Vacation Simulator,"PS4, PS5",https://www.pushsquare.comgames/ps5/vacation_simulator
Velocity Ultra,PS3,https://www.pushsquare.comgames/ps3/velocity_ultra
Vessel,PS3,https://www.pushsquare.comgames/ps3/vessel
Voodoo Chronicles: The First Sign,PS3,https://www.pushsquare.comgames/ps3/voodoo_chronicles_the_first_sign
Wakeboarding HD,PS3,https://www.pushsquare.comgames/ps3/wakeboarding_hd
Walkabout Mini Golf,PS5,https://www.pushsquare.comgames/ps5/walkabout_mini_golf
War of the Monsters,PS2,https://www.pushsquare.comgames/ps2/war_of_the_monsters
Warlords,PS3,https://www.pushsquare.comgames/ps3/warlords
Warriors Orochi 3 Ultimate,PS3,https://www.pushsquare.comgames/ps3/warriors_orochi_3_ultimate
Warriors: Legends of Troy,PS3,https://www.pushsquare.comgames/ps3/warriors_legends_of_troy
Way of the Samurai 3,PS3,https://www.pushsquare.comgames/ps3/way_of_the_samurai_3
Way of the Samurai 4,PS3,https://www.pushsquare.comgames/ps3/way_of_the_samurai_4
When Vikings Attack,PS3,https://www.pushsquare.comgames/ps3/when_vikings_attack
White Knight Chronicles,PS3,https://www.pushsquare.comgames/ps3/white_knight_chronicles
White Knight Chronicles II,PS3,https://www.pushsquare.comgames/ps3/white_knight_chronicles_ii
Wild Arms,PS1,https://www.pushsquare.comgames/ps1/wild_arms
WipEout Omega Collection,PS4,https://www.pushsquare.comgames/ps4/wipeout_omega_collection
Wizardry: Labyrinth of Lost Souls,PS3,https://www.pushsquare.comgames/ps3/wizardry_labyrinth_of_lost_souls
Worms,PS1,https://www.pushsquare.comgames/ps1/worms
Worms Armageddon,PS1,https://www.pushsquare.comgames/ps1/worms_armageddon
Worms Pinball,PS1,https://www.pushsquare.comgames/ps1/worms_pinball
Worms World Party,PS1,https://www.pushsquare.comgames/ps1/worms_world_party
XBLAZE Code: Embryo,PS3,https://www.pushsquare.comgames/ps3/xblaze_code_embryo
XCOM: Enemy Within,PS3,https://www.pushsquare.comgames/ps3/xcom_enemy_within
Yaiba: Ninja Gaiden Z,PS3,https://www.pushsquare.comgames/ps3/yaiba_ninja_gaiden_z
Zack Zero,PS3,https://www.pushsquare.comgames/ps3/zack_zero
Zen Pinball 2,PS3,https://www.pushsquare.comgames/ps3/zen_pinball_2
Zombie Tycoon 2: Brainhov's Revenge,PS3,https://www.pushsquare.comgames/ps3/zombie_tycoon_2_brainhovs_revenge
FBC: Firebreak,PS5,https://www.pushsquare.comgames/ps5/fbc_firebreak
