Title,Link
DREDGE,https://www.trueachievements.com/game/DREDGE/achievements
Blue Prince,https://www.trueachievements.com/game/Blue-Prince/achievements
Dragon Ball Xenoverse 2,https://www.trueachievements.com/game/Dragon-Ball-Xenoverse-2/achievements
Dungeons of Hinterberg,https://www.trueachievements.com/game/Dungeons-of-Hinterberg/achievements
Flintlock: The Siege of Dawn,https://www.trueachievements.com/game/Flintlock-The-Siege-of-Dawn/achievements
Metal Slug Tactics,https://www.trueachievements.com/game/Metal-Slug-Tactics/achievements
Revenge of the Savage Planet,https://www.trueachievements.com/game/Revenge-of-the-Savage-Planet/achievements
Teenage Mutant Ninja Turtles: Mutants Unleashed,https://www.trueachievements.com/game/Teenage-Mutant-Ninja-Turtles-Mutants-Unleashed/achievements
Warhammer: Vermintide 2,https://www.trueachievements.com/game/Warhammer-Vermintide-2/achievements
DOOM: The Dark Ages,https://www.trueachievements.com/game/DOOM-The-Dark-Ages/achievements
Kulebra and the Souls of Limbo,https://www.trueachievements.com/game/Kulebra-and-the-Souls-of-Limbo/achievements
Firefighting Simulator - The Squad,https://www.trueachievements.com/game/Firefighting-Simulator-The-Squad/achievements
Police Simulator: Patrol Officers,https://www.trueachievements.com/game/Police-Simulator-Patrol-Officers/achievements
Brothers: A Tale of Two Sons,https://www.trueachievements.com/game/Brothers-A-Tale-of-Two-Sons/achievements
Chants of Sennaar,https://www.trueachievements.com/game/Chants-of-Sennaar/achievements
Dune: Spice Wars,https://www.trueachievements.com/game/Dune-Spice-Wars/achievements
Hauntii,https://www.trueachievements.com/game/Hauntii/achievements
Jurassic World Evolution 2,https://www.trueachievements.com/game/Jurassic-World-Evolution-2/achievements
"Little Kitty, Big City",https://www.trueachievements.com/game/Little-Kitty-Big-City/achievements
Planet of Lana,https://www.trueachievements.com/game/Planet-of-Lana/achievements
The Big Con,https://www.trueachievements.com/game/The-Big-Con/achievements
A Plague Tale: Requiem,https://www.trueachievements.com/game/A-Plague-Tale-Requiem/achievements
A Way Out,https://www.trueachievements.com/game/A-Way-Out/achievements
Age of Empires II: Definitive Edition,https://www.trueachievements.com/game/Age-of-Empires-II-Definitive-Edition/achievements
Age of Empires IV: Anniversary Edition,https://www.trueachievements.com/game/Age-of-Empires-IV/achievements
Age of Mythology: Retold,https://www.trueachievements.com/game/Age-of-Mythology-Retold/achievements
Alice: Madness Returns,https://www.trueachievements.com/game/Alice-Madness-Returns/achievements
Among Us,https://www.trueachievements.com/game/Among-Us/achievements
Another Crab's Treasure,https://www.trueachievements.com/game/Another-Crabs-Treasure/achievements
Anthem,https://www.trueachievements.com/game/Anthem/achievements
Arcade Paradise,https://www.trueachievements.com/game/Arcade-Paradise/achievements
ARK: Survival Evolved,https://www.trueachievements.com/game/ARK-Survival-Evolved/achievements
Army of TWO,https://www.trueachievements.com/game/Army-of-Two/achievements
Army of TWO (EU),https://www.trueachievements.com/game/Army-of-Two-European/achievements
As Dusk Falls,https://www.trueachievements.com/game/As-Dusk-Falls/achievements
Ashen,https://www.trueachievements.com/game/Ashen/achievements
Asphalt Legends Unite,https://www.trueachievements.com/game/Asphalt-9/achievements
Assassin's Creed Odyssey,https://www.trueachievements.com/game/Assassins-Creed-Odyssey/achievements
Assassin's Creed Origins,https://www.trueachievements.com/game/Assassins-Creed-Origins/achievements
Assassin's Creed Valhalla,https://www.trueachievements.com/game/Assassins-Creed-Valhalla/achievements
Astroneer,https://www.trueachievements.com/game/Astroneer/achievements
Atlas Fallen,https://www.trueachievements.com/game/Atlas-Fallen/achievements
Atomfall,https://www.trueachievements.com/game/Atomfall/achievements
Avowed,https://www.trueachievements.com/game/Avowed/achievements
Balatro,https://www.trueachievements.com/game/Balatro/achievements
Banjo-Kazooie,https://www.trueachievements.com/game/Banjo-Kazooie/achievements
Banjo-Kazooie: Nuts & Bolts,https://www.trueachievements.com/game/Banjo-Kazooie-Nuts-and-Bolts/achievements
Banjo-Tooie,https://www.trueachievements.com/game/Banjo-Tooie/achievements
Batman: Arkham Knight,https://www.trueachievements.com/game/Batman-Arkham-Knight/achievements
Battlefield 1,https://www.trueachievements.com/game/Battlefield-1/achievements
Battlefield 2042,https://www.trueachievements.com/game/Battlefield-2042/achievements
Battlefield 2042 (Xbox One),https://www.trueachievements.com/game/Battlefield-2042-Xbox-One/achievements
Battlefield 3,https://www.trueachievements.com/game/Battlefield-3/achievements
Battlefield 4,https://www.trueachievements.com/game/Battlefield-4/achievements
Battlefield Hardline,https://www.trueachievements.com/game/Battlefield-Hardline/achievements
Battlefield V,https://www.trueachievements.com/game/Battlefield-V/achievements
Battletoads,https://www.trueachievements.com/game/Battletoads/achievements
Bejeweled 3,https://www.trueachievements.com/game/Bejeweled-3/achievements
Ben 10: Power Trip,https://www.trueachievements.com/game/Ben-10-Power-Trip/achievements
Bleeding Edge,https://www.trueachievements.com/game/Bleeding-Edge/achievements
Blue Prince,https://www.trueachievements.com/game/Blue-Prince/achievements
Bluey: The Videogame,https://www.trueachievements.com/game/Bluey-The-Videogame/achievements
Borderlands 3,https://www.trueachievements.com/game/Borderlands-3/achievements
Brotato,https://www.trueachievements.com/game/Brotato/achievements
Brothers: A Tale of Two Sons,https://www.trueachievements.com/game/Brothers-A-Tale-of-Two-Sons/achievements
Brütal Legend,https://www.trueachievements.com/game/Brutal-Legend/achievements
Burnout Paradise,https://www.trueachievements.com/game/Burnout-Paradise/achievements
Burnout Paradise Remastered,https://www.trueachievements.com/game/Burnout-Paradise-Remastered/achievements
Call of Duty,https://www.trueachievements.com/game/Call-of-Duty-Modern-Warfare-II/achievements
Call of the Wild: The Angler,https://www.trueachievements.com/game/Call-of-the-Wild-The-Angler/achievements
Car Mechanic Simulator 2021,https://www.trueachievements.com/game/Car-Mechanic-Simulator-2021/achievements
Carrion,https://www.trueachievements.com/game/Carrion/achievements
Celeste,https://www.trueachievements.com/game/Celeste/achievements
Chants of Sennaar,https://www.trueachievements.com/game/Chants-of-Sennaar/achievements
Chivalry 2,https://www.trueachievements.com/game/Chivalry-2/achievements
Cities: Skylines,https://www.trueachievements.com/game/Cities-Skylines/achievements
Clair Obscur: Expedition 33,https://www.trueachievements.com/game/Clair-Obscur-Expedition-33/achievements
Cocoon,https://www.trueachievements.com/game/Cocoon/achievements
Contrast,https://www.trueachievements.com/game/Contrast/achievements
Control,https://www.trueachievements.com/game/Control-Xbox-One/achievements
Control: Ultimate Edition,https://www.trueachievements.com/game/Control/achievements
Cooking Simulator,https://www.trueachievements.com/game/Cooking-Simulator/achievements
Costume Quest 2,https://www.trueachievements.com/game/Costume-Quest-2/achievements
Crackdown 3: Campaign,https://www.trueachievements.com/game/Crackdown-3/achievements
Crash Bandicoot N. Sane Trilogy,https://www.trueachievements.com/game/Crash-Bandicoot-N-Sane-Trilogy/achievements
Crash Team Racing Nitro-Fueled,https://www.trueachievements.com/game/Crash-Team-Racing-Nitro-Fueled/achievements
Crime Scene Cleaner,https://www.trueachievements.com/game/Crime-Scene-Cleaner/achievements
Crysis,https://www.trueachievements.com/game/Crysis/achievements
Crysis 2,https://www.trueachievements.com/game/Crysis-2/achievements
Crysis 3,https://www.trueachievements.com/game/Crysis-3/achievements
Dante's Inferno,https://www.trueachievements.com/game/Dantes-Inferno/achievements
Day of the Tentacle Remastered,https://www.trueachievements.com/game/Day-of-the-Tentacle-Remastered/achievements
DayZ,https://www.trueachievements.com/game/DayZ/achievements
Dead by Daylight,https://www.trueachievements.com/game/Dead-by-Daylight/achievements
Dead Cells,https://www.trueachievements.com/game/Dead-Cells/achievements
Dead Island 2,https://www.trueachievements.com/game/Dead-Island-2/achievements
Dead Space,https://www.trueachievements.com/game/Dead-Space/achievements
Dead Space (2008),https://www.trueachievements.com/game/Dead-Space-Xbox-360/achievements
Dead Space 2,https://www.trueachievements.com/game/Dead-Space-2/achievements
Dead Space 3,https://www.trueachievements.com/game/Dead-Space-3/achievements
DEATHLOOP,https://www.trueachievements.com/game/Deathloop/achievements
Deep Rock Galactic,https://www.trueachievements.com/game/Deep-Rock-Galactic/achievements
Descenders,https://www.trueachievements.com/game/Descenders/achievements
Diablo III: Reaper of Souls - Ultimate Evil Edition,https://www.trueachievements.com/game/Diablo-III-Reaper-of-Souls-Ultimate-Evil-Edition/achievements
Diablo IV,https://www.trueachievements.com/game/Diablo-IV/achievements
Dishonored 2,https://www.trueachievements.com/game/Dishonored-2/achievements
Dishonored Definitive Edition,https://www.trueachievements.com/game/Dishonored-Definitive-Edition/achievements
Disneyland Adventures,https://www.trueachievements.com/game/Disneyland-Adventures-Xbox-One/achievements
Donut County,https://www.trueachievements.com/game/Donut-County/achievements
DOOM,https://www.trueachievements.com/game/DOOM/achievements
DOOM + DOOM II,https://www.trueachievements.com/game/DOOM-and-DOOM-II/achievements
DOOM 64,https://www.trueachievements.com/game/DOOM-64/achievements
DOOM Eternal,https://www.trueachievements.com/game/Doom-Eternal/achievements
Dragon Age II,https://www.trueachievements.com/game/Dragon-Age-2/achievements
Dragon Age: Inquisition,https://www.trueachievements.com/game/Dragon-Age-Inquisition/achievements
Dragon Age: Origins,https://www.trueachievements.com/game/Dragon-Age-Origins/achievements
Dragon Ball Xenoverse 2,https://www.trueachievements.com/game/Dragon-Ball-Xenoverse-2/achievements
DREDGE,https://www.trueachievements.com/game/DREDGE/achievements
Dune: Spice Wars,https://www.trueachievements.com/game/Dune-Spice-Wars/achievements
EA SPORTS College Football 25,https://www.trueachievements.com/game/EA-SPORTS-College-Football-25/achievements
EA SPORTS FC 24,https://www.trueachievements.com/game/EA-SPORTS-FC-24/achievements
EA SPORTS FC 24 (Xbox One),https://www.trueachievements.com/game/EA-SPORTS-FC-24-Xbox-One/achievements
EA SPORTS UFC 4,https://www.trueachievements.com/game/EA-SPORTS-UFC-4/achievements
EA SPORTS UFC 5,https://www.trueachievements.com/game/EA-SPORTS-UFC-5/achievements
Enter the Gungeon,https://www.trueachievements.com/game/Enter-the-Gungeon/achievements
Expeditions: A MudRunner Game,https://www.trueachievements.com/game/Expeditions-A-MudRunner-Game/achievements
F1 23,https://www.trueachievements.com/game/F1-23/achievements
Fable Anniversary,https://www.trueachievements.com/game/Fable-Anniversary/achievements
Fable II,https://www.trueachievements.com/game/Fable-2/achievements
Fable III,https://www.trueachievements.com/game/Fable-3/achievements
Fallout 3,https://www.trueachievements.com/game/Fallout-3/achievements
Fallout 4,https://www.trueachievements.com/game/Fallout-4/achievements
Fallout 76,https://www.trueachievements.com/game/Fallout-76/achievements
Fallout: New Vegas,https://www.trueachievements.com/game/Fallout-New-Vegas/achievements
Far Cry 4,https://www.trueachievements.com/game/Far-Cry-4/achievements
Far Cry 5,https://www.trueachievements.com/game/Far-Cry-5/achievements
Far Cry 6,https://www.trueachievements.com/game/Far-Cry-6/achievements
Far Cry New Dawn,https://www.trueachievements.com/game/Far-Cry-New-Dawn/achievements
Farming Simulator 22,https://www.trueachievements.com/game/Farming-Simulator-22/achievements
Feeding Frenzy,https://www.trueachievements.com/game/Feeding-Frenzy/achievements
Feeding Frenzy 2: Shipwreck Showdown,https://www.trueachievements.com/game/Feeding-Frenzy-2/achievements
Fight Night Champion,https://www.trueachievements.com/game/Fight-Night-Champion/achievements
Firewatch,https://www.trueachievements.com/game/Firewatch/achievements
For Honor,https://www.trueachievements.com/game/For-Honor/achievements
Forza Horizon 5,https://www.trueachievements.com/game/Forza-Horizon-5/achievements
Forza Motorsport,https://www.trueachievements.com/game/Forza-Motorsport/achievements
Full Throttle Remastered,https://www.trueachievements.com/game/Full-Throttle-Remastered/achievements
Gang Beasts,https://www.trueachievements.com/game/Gang-Beasts/achievements
Gears 5,https://www.trueachievements.com/game/Gears-5/achievements
Gears of War,https://www.trueachievements.com/game/Gears-of-War/achievements
Gears of War 2,https://www.trueachievements.com/game/Gears-of-War-2/achievements
Gears of War 3,https://www.trueachievements.com/game/Gears-of-War-3/achievements
Gears of War 4,https://www.trueachievements.com/game/Gears-of-War-4/achievements
Gears of War: Judgment,https://www.trueachievements.com/game/Gears-of-War-Judgment/achievements
Gears of War: Ultimate Edition,https://www.trueachievements.com/game/Gears-of-War-Ultimate-Edition/achievements
Gears Tactics,https://www.trueachievements.com/game/Gears-Tactics/achievements
Generation Zero,https://www.trueachievements.com/game/Generation-Zero/achievements
Ghostwire: Tokyo,https://www.trueachievements.com/game/Ghostwire-Tokyo/achievements
Goat Simulator,https://www.trueachievements.com/game/Goat-Simulator/achievements
Goat Simulator 3,https://www.trueachievements.com/game/Goat-Simulator-3/achievements
GoldenEye 007,https://www.trueachievements.com/game/GoldenEye-007/achievements
Golf With Your Friends,https://www.trueachievements.com/game/Golf-With-Your-Friends/achievements
Grand Theft Auto V,https://www.trueachievements.com/game/Grand-Theft-Auto-V/achievements
Grand Theft Auto V (Xbox One),https://www.trueachievements.com/game/Grand-Theft-Auto-V-Xbox-One/achievements
GRID Legends,https://www.trueachievements.com/game/GRID-Legends/achievements
Grounded,https://www.trueachievements.com/game/Grounded/achievements
Halo 5: Guardians,https://www.trueachievements.com/game/Halo-5-Guardians/achievements
Halo Infinite,https://www.trueachievements.com/game/Halo-Infinite/achievements
Halo Wars 2,https://www.trueachievements.com/game/Halo-Wars-2/achievements
Halo Wars: Definitive Edition,https://www.trueachievements.com/game/Halo-Wars-Definitive-Edition/achievements
Halo: Spartan Assault,https://www.trueachievements.com/game/Halo-Spartan-Assault/achievements
Halo: The Master Chief Collection,https://www.trueachievements.com/game/Halo-The-Master-Chief-Collection/achievements
Hauntii,https://www.trueachievements.com/game/Hauntii/achievements
Heavy Weapon,https://www.trueachievements.com/game/Heavy-Weapon/achievements
Hell Let Loose,https://www.trueachievements.com/game/Hell-Let-Loose/achievements
Hellblade: Senua's Sacrifice,https://www.trueachievements.com/game/Hellblade-Senuas-Sacrifice/achievements
Hi-Fi RUSH,https://www.trueachievements.com/game/HiFi-Rush/achievements
Hollow Knight: Voidheart Edition,https://www.trueachievements.com/game/Hollow-Knight/achievements
House Flipper,https://www.trueachievements.com/game/House-Flipper/achievements
Human Fall Flat,https://www.trueachievements.com/game/Human-Fall-Flat/achievements
HUMANITY,https://www.trueachievements.com/game/Humanity/achievements
Immortals Fenyx Rising,https://www.trueachievements.com/game/Immortals-Fenyx-Rising/achievements
Indiana Jones and the Great Circle,https://www.trueachievements.com/game/Indiana-Jones-and-the-Great-Circle/achievements
Injustice 2,https://www.trueachievements.com/game/Injustice-2/achievements
INSIDE,https://www.trueachievements.com/game/Inside/achievements
Iron Brigade,https://www.trueachievements.com/game/Iron-Brigade/achievements
It Takes Two,https://www.trueachievements.com/game/It-Takes-Two/achievements
Jetpac Refuelled,https://www.trueachievements.com/game/Jetpac-Refuelled/achievements
Journey to the Savage Planet,https://www.trueachievements.com/game/Journey-to-the-Savage-Planet/achievements
Joy Ride Turbo,https://www.trueachievements.com/game/Joy-Ride-Turbo/achievements
Jurassic World Evolution 2,https://www.trueachievements.com/game/Jurassic-World-Evolution-2/achievements
Jusant,https://www.trueachievements.com/game/Jusant/achievements
Kameo: Elements of Power,https://www.trueachievements.com/game/Kameo/achievements
Killer Instinct,https://www.trueachievements.com/game/Killer-Instinct/achievements
Kingdom Two Crowns,https://www.trueachievements.com/game/Kingdom-Two-Crowns/achievements
Kunitsu-Gami: Path of the Goddess,https://www.trueachievements.com/game/KunitsuGami-Path-of-the-Goddess/achievements
LEGO Star Wars: The Skywalker Saga,https://www.trueachievements.com/game/LEGO-Star-Wars-The-Skywalker-Saga/achievements
Lightyear Frontier,https://www.trueachievements.com/game/Lightyear-Frontier/achievements
LIMBO,https://www.trueachievements.com/game/LIMBO/achievements
"Little Kitty, Big City",https://www.trueachievements.com/game/Little-Kitty-Big-City/achievements
Lords of the Fallen,https://www.trueachievements.com/game/Lords-of-the-Fallen/achievements
Lost In Random,https://www.trueachievements.com/game/Lost-In-Random/achievements
Mafia: Definitive Edition,https://www.trueachievements.com/game/Mafia-Definitive-Edition/achievements
Mass Effect,https://www.trueachievements.com/game/Mass-Effect/achievements
Mass Effect 2,https://www.trueachievements.com/game/Mass-Effect-2/achievements
Mass Effect 3,https://www.trueachievements.com/game/Mass-Effect-3/achievements
Mass Effect Legendary Edition,https://www.trueachievements.com/game/Mass-Effect-Legendary-Edition/achievements
Mass Effect: Andromeda,https://www.trueachievements.com/game/Mass-Effect-Andromeda/achievements
MASSIVE CHALICE,https://www.trueachievements.com/game/MASSIVE-CHALICE/achievements
Max: The Curse of Brotherhood,https://www.trueachievements.com/game/Max-The-Curse-of-Brotherhood/achievements
Medal of Honor: Airborne,https://www.trueachievements.com/game/Medal-of-Honor-Airborne/achievements
Medieval Dynasty,https://www.trueachievements.com/game/Medieval-Dynasty/achievements
Microsoft Flight Simulator,https://www.trueachievements.com/game/Microsoft-Flight-Simulator/achievements
Microsoft Flight Simulator 2024,https://www.trueachievements.com/game/Microsoft-Flight-Simulator-2024/achievements
Middle-earth: Shadow of War,https://www.trueachievements.com/game/Middle-earth-Shadow-of-War/achievements
Midnight Fight Express,https://www.trueachievements.com/game/Midnight-Fight-Express/achievements
Minecraft,https://www.trueachievements.com/game/Minecraft/achievements
Minecraft Dungeons,https://www.trueachievements.com/game/Minecraft-Dungeons/achievements
Minecraft Legends,https://www.trueachievements.com/game/Minecraft-Legends/achievements
Mirror's Edge,https://www.trueachievements.com/game/Mirrors-Edge/achievements
Mirror's Edge Catalyst,https://www.trueachievements.com/game/Mirrors-Edge-Catalyst/achievements
Monster Sanctuary,https://www.trueachievements.com/game/Monster-Sanctuary/achievements
Mortal Kombat 11,https://www.trueachievements.com/game/Mortal-Kombat-11/achievements
My Friend Peppa Pig,https://www.trueachievements.com/game/My-Friend-Peppa-Pig/achievements
NARAKA: BLADEPOINT,https://www.trueachievements.com/game/Naraka-Bladepoint/achievements
NBA LIVE 19,https://www.trueachievements.com/game/NBA-LIVE-19/achievements
Need for Speed,https://www.trueachievements.com/game/Need-for-Speed/achievements
Need for Speed Heat,https://www.trueachievements.com/game/Need-for-Speed-Heat/achievements
Need for Speed Hot Pursuit Remastered,https://www.trueachievements.com/game/Need-for-Speed-Hot-Pursuit-Remastered/achievements
Need for Speed Payback,https://www.trueachievements.com/game/Need-for-Speed-Payback/achievements
Need for Speed Rivals,https://www.trueachievements.com/game/Need-for-Speed-Rivals/achievements
Need for Speed Unbound,https://www.trueachievements.com/game/Need-for-Speed-Unbound/achievements
Neon Abyss,https://www.trueachievements.com/game/Neon-Abyss/achievements
New Super Lucky's Tale,https://www.trueachievements.com/game/New-Super-Luckys-Tale/achievements
NINJA GAIDEN 2 Black,https://www.trueachievements.com/game/NINJA-GAIDEN-2-Black/achievements
No Man's Sky,https://www.trueachievements.com/game/No-Mans-Sky/achievements
Octopath Traveler,https://www.trueachievements.com/game/Octopath-Traveler/achievements
Ori and the Blind Forest: Definitive Edition,https://www.trueachievements.com/game/Ori-and-the-Blind-Forest-Definitive-Edition/achievements
Ori and the Will of the Wisps,https://www.trueachievements.com/game/Ori-and-the-Will-of-the-Wisps/achievements
Overcooked! 2,https://www.trueachievements.com/game/Overcooked-2/achievements
Overwatch 2,https://www.trueachievements.com/game/Overwatch/achievements
Palworld,https://www.trueachievements.com/game/Palworld/achievements
PAW Patrol: Mighty Pups Save Adventure Bay,https://www.trueachievements.com/game/PAW-Patrol-Mighty-Pups-Save-Adventure-Bay/achievements
PAYDAY 2: Crimewave Edition,https://www.trueachievements.com/game/Payday-2-Crimewave-Edition/achievements
Peggle,https://www.trueachievements.com/game/Peggle/achievements
Peggle 2,https://www.trueachievements.com/game/Peggle-2/achievements
Perfect Dark (2010),https://www.trueachievements.com/game/Perfect-Dark-Xbox-360/achievements
Perfect Dark Zero,https://www.trueachievements.com/game/Perfect-Dark-Zero/achievements
Persona 3 Reload,https://www.trueachievements.com/game/Persona-3-Reload/achievements
Planet of Lana,https://www.trueachievements.com/game/Planet-of-Lana/achievements
Plants vs. Zombies,https://www.trueachievements.com/game/Plants-vs-Zombies/achievements
Plants vs. Zombies Garden Warfare,https://www.trueachievements.com/game/Plants-vs-Zombies-Garden-Warfare/achievements
Plants vs. Zombies Garden Warfare 2,https://www.trueachievements.com/game/Plants-vs-Zombies-Garden-Warfare-2/achievements
Plants vs. Zombies: Battle for Neighborville,https://www.trueachievements.com/game/Plants-vs-Zombies-Battle-for-Neighborville/achievements
PlateUp!,https://www.trueachievements.com/game/PlateUp/achievements
PowerWash Simulator,https://www.trueachievements.com/game/PowerWash-Simulator/achievements
Prey,https://www.trueachievements.com/game/Prey-Xbox-One/achievements
Psychonauts 2,https://www.trueachievements.com/game/Psychonauts-2/achievements
Quake,https://www.trueachievements.com/game/Quake/achievements
Quantum Break,https://www.trueachievements.com/game/Quantum-Break/achievements
RAGE,https://www.trueachievements.com/game/Rage/achievements
RAGE 2,https://www.trueachievements.com/game/RAGE-2/achievements
Rare Replay,https://www.trueachievements.com/game/Rare-Replay/achievements
ReCore,https://www.trueachievements.com/game/ReCore/achievements
Redfall,https://www.trueachievements.com/game/Redfall/achievements
Remnant II,https://www.trueachievements.com/game/Remnant-II/achievements
Resident Evil 2,https://www.trueachievements.com/game/Resident-Evil-2/achievements
Resident Evil 3,https://www.trueachievements.com/game/Resident-Evil-3/achievements
Revenge of the Savage Planet,https://www.trueachievements.com/game/Revenge-of-the-Savage-Planet/achievements
Riders Republic,https://www.trueachievements.com/game/Riders-Republic/achievements
Road 96,https://www.trueachievements.com/game/Road-96/achievements
Rubber Bandits,https://www.trueachievements.com/game/Rubber-Bandits/achievements
Rush: A Disney Pixar Adventure,https://www.trueachievements.com/game/Rush-A-Disney-Pixar-Adventure/achievements
Ryse: Son of Rome,https://www.trueachievements.com/game/Ryse-Son-of-Rome/achievements
S.T.A.L.K.E.R. 2: Heart of Chornobyl,https://www.trueachievements.com/game/STALKER-2/achievements
ScreamRide,https://www.trueachievements.com/game/ScreamRide/achievements
Sea of Solitude,https://www.trueachievements.com/game/Sea-of-Solitude/achievements
Sea of Stars,https://www.trueachievements.com/game/Sea-of-Stars/achievements
Sea of Thieves,https://www.trueachievements.com/game/Sea-of-Thieves/achievements
Senua's Saga: Hellblade II,https://www.trueachievements.com/game/Senuas-Saga-Hellblade-II/achievements
Shadow of the Tomb Raider,https://www.trueachievements.com/game/Shadow-of-the-Tomb-Raider/achievements
Shadowrun,https://www.trueachievements.com/game/Shadowrun/achievements
Sifu,https://www.trueachievements.com/game/Sifu/achievements
Skate 3,https://www.trueachievements.com/game/Skate-3/achievements
skate. (2007),https://www.trueachievements.com/game/Skate-2007/achievements
Slay The Spire,https://www.trueachievements.com/game/Slay-The-Spire/achievements
Sniper Elite: Resistance,https://www.trueachievements.com/game/Sniper-Elite-Resistance/achievements
SnowRunner,https://www.trueachievements.com/game/SnowRunner/achievements
South of Midnight,https://www.trueachievements.com/game/South-of-Midnight/achievements
South Park: The Fractured but Whole,https://www.trueachievements.com/game/South-Park-The-Fractured-but-Whole/achievements
Spyro Reignited Trilogy,https://www.trueachievements.com/game/Spyro-Reignited-Trilogy/achievements
SSX,https://www.trueachievements.com/game/SSX/achievements
Star Trucker,https://www.trueachievements.com/game/Star-Trucker/achievements
Star Wars Battlefront,https://www.trueachievements.com/game/Star-Wars-Battlefront/achievements
Star Wars Battlefront II,https://www.trueachievements.com/game/Star-Wars-Battlefront-II/achievements
Star Wars Jedi: Fallen Order,https://www.trueachievements.com/game/Star-Wars-Jedi-Fallen-Order/achievements
Star Wars Jedi: Survivor,https://www.trueachievements.com/game/Star-Wars-Jedi-Survivor/achievements
Star Wars: Squadrons,https://www.trueachievements.com/game/Star-Wars-Squadrons/achievements
Stardew Valley,https://www.trueachievements.com/game/Stardew-Valley/achievements
Starfield,https://www.trueachievements.com/game/Starfield/achievements
State of Decay 2: Juggernaut Edition,https://www.trueachievements.com/game/State-of-Decay-2/achievements
State of Decay: Year-One,https://www.trueachievements.com/game/State-of-Decay-Year-One-Survival-Edition/achievements
Still Wakes The Deep,https://www.trueachievements.com/game/Still-Wakes-The-Deep/achievements
Sunset Overdrive,https://www.trueachievements.com/game/Sunset-Overdrive/achievements
Super Lucky's Tale,https://www.trueachievements.com/game/Super-Luckys-Tale/achievements
SUPERHOT: MIND CONTROL DELETE,https://www.trueachievements.com/game/SUPERHOT-MIND-CONTROL-DELETE/achievements
Superliminal,https://www.trueachievements.com/game/Superliminal/achievements
Teenage Mutant Ninja Turtles: Mutants Unleashed,https://www.trueachievements.com/game/Teenage-Mutant-Ninja-Turtles-Mutants-Unleashed/achievements
Teenage Mutant Ninja Turtles: Shredder's Revenge,https://www.trueachievements.com/game/Teenage-Mutant-Ninja-Turtles-Shredders-Revenge/achievements
Tell Me Why,https://www.trueachievements.com/game/Tell-Me-Why/achievements
Terraria,https://www.trueachievements.com/game/Terraria/achievements
The Big Con,https://www.trueachievements.com/game/The-Big-Con/achievements
The Callisto Protocol,https://www.trueachievements.com/game/The-Callisto-Protocol/achievements
The Elder Scrolls IV: Oblivion,https://www.trueachievements.com/game/Oblivion/achievements
The Elder Scrolls IV: Oblivion Remastered,https://www.trueachievements.com/game/The-Elder-Scrolls-IV-Oblivion-Remastered/achievements
The Elder Scrolls Online,https://www.trueachievements.com/game/The-Elder-Scrolls-Online-Tamriel-Unlimited/achievements
The Elder Scrolls V: Skyrim Special Edition,https://www.trueachievements.com/game/The-Elder-Scrolls-V-Skyrim-Special-Edition/achievements
The Evil Within,https://www.trueachievements.com/game/The-Evil-Within/achievements
The Evil Within 2,https://www.trueachievements.com/game/The-Evil-Within-2/achievements
THE FINALS,https://www.trueachievements.com/game/The-Finals/achievements
The Gunk,https://www.trueachievements.com/game/The-Gunk/achievements
The Outer Worlds,https://www.trueachievements.com/game/The-Outer-Worlds/achievements
The Sims 4,https://www.trueachievements.com/game/The-Sims-4/achievements
The Walking Dead,https://www.trueachievements.com/game/The-Walking-Dead/achievements
The Walking Dead: A New Frontier,https://www.trueachievements.com/game/The-Walking-Dead-A-New-Frontier/achievements
The Walking Dead: Michonne,https://www.trueachievements.com/game/The-Walking-Dead-Michonne/achievements
The Walking Dead: Season Two,https://www.trueachievements.com/game/The-Walking-Dead-Season-Two/achievements
The Walking Dead: The Final Season,https://www.trueachievements.com/game/The-Walking-Dead-The-Final-Season/achievements
theHunter: Call of the Wild,https://www.trueachievements.com/game/theHunter-Call-of-the-Wild/achievements
Titanfall 2,https://www.trueachievements.com/game/Titanfall-2/achievements
Tom Clancy's Ghost Recon Wildlands,https://www.trueachievements.com/game/Tom-Clancys-Ghost-Recon-Wildlands/achievements
Tom Clancy's Rainbow Six Siege,https://www.trueachievements.com/game/Tom-Clancys-Rainbow-Six-Siege/achievements
Tomb Raider: Definitive Edition,https://www.trueachievements.com/game/Tomb-Raider-Definitive-Edition/achievements
Totally Accurate Battle Simulator,https://www.trueachievements.com/game/Totally-Accurate-Battle-Simulator/achievements
Totally Reliable Delivery Service,https://www.trueachievements.com/game/Totally-Reliable-Delivery-Service/achievements
TUNIC,https://www.trueachievements.com/game/Tunic/achievements
Unpacking,https://www.trueachievements.com/game/Unpacking/achievements
Unravel,https://www.trueachievements.com/game/Unravel/achievements
Unravel Two,https://www.trueachievements.com/game/Unravel-Two/achievements
VALORANT,https://www.trueachievements.com/game/VALORANT/achievements
Vampire Survivors,https://www.trueachievements.com/game/Vampire-Survivors/achievements
Viva Piñata,https://www.trueachievements.com/game/Viva-Pinata/achievements
Viva Piñata: Trouble In Paradise,https://www.trueachievements.com/game/Viva-Pinata-Trouble-In-Paradise/achievements
"Warhammer 40,000: Darktide",https://www.trueachievements.com/game/Warhammer-40000-Darktide/achievements
Wasteland 3,https://www.trueachievements.com/game/Wasteland-3/achievements
Watch Dogs: Legion,https://www.trueachievements.com/game/Watch-Dogs-Legion/achievements
Watch_Dogs 2,https://www.trueachievements.com/game/Watch-Dogs-2/achievements
We Happy Few,https://www.trueachievements.com/game/We-Happy-Few/achievements
Wild Hearts,https://www.trueachievements.com/game/Wild-Hearts/achievements
Wolfenstein II: The New Colossus,https://www.trueachievements.com/game/Wolfenstein-II-The-New-Colossus/achievements
Wolfenstein: The New Order,https://www.trueachievements.com/game/Wolfenstein-The-New-Order/achievements
Wolfenstein: The Old Blood,https://www.trueachievements.com/game/Wolfenstein-The-Old-Blood/achievements
Wolfenstein: Youngblood,https://www.trueachievements.com/game/Wolfenstein-Youngblood/achievements
World War Z,https://www.trueachievements.com/game/World-War-Z/achievements
Wreckfest,https://www.trueachievements.com/game/Wreckfest/achievements
Zombie Army 4: Dead War,https://www.trueachievements.com/game/Zombie-Army-4-Dead-War/achievements
Zoo Tycoon: Ultimate Animal Collection,https://www.trueachievements.com/game/Zoo-Tycoon-Ultimate-Animal-Collection/achievements
Zuma,https://www.trueachievements.com/game/Zuma/achievements
Zuma's Revenge!,https://www.trueachievements.com/game/Zumas-Revenge/achievements
